core_service,process_type,classvariable,key,return_variable
CoreCustomerContract,scopeMTL,scopeGridObj,recStatus,recStatus
CoreCustomerContract,scopeMTL,scopeGridObj,SCOPE_CATEGORY,strScopeCategory
CoreCustomerContract,scopeMTL,scopeGridObj,SCOPE_DESC,strScopeDescription
CoreCustomerContract,scopeMTL,scopeGridObj,REMARKS,strRemarks
CoreCustomerContract,scopeMTL,scopeGridObj,ATTACH_DOCUMENT,strAttachDocument
CoreCustomerContract,carrierMTL,carrierGridObj,recStatus,recStatus
CoreCustomerContract,carrierMTL,carrierGridObj,CARRIER_CONTRACT_NO,strCarrierContractNo
CoreCustomerContract,carrierMTL,carrierGridObj,CARRIER_CODE,strCarrierCode
CoreCustomerContract,tariffMTL,tariffGridObj,recStatus,recStatus
CoreCustomerContract,tariffMTL,tariffGridObj,SCOPE_CATEGORY,strScopeCategory
CoreCustomerContract,tariffMTL,tariffGridObj,SCOPE_DESC,strScopeDescription
CoreCustomerContract,tariffMTL,tariffGridObj,REMARKS,strRemarks
CoreCustomerContract,tariffMTL,tariffGridObj,CAR_CONT_NO,strContractNo
CoreCustomerContract,tariffMTL,tariffGridObj,ORIGIN,strOrigin
CoreCustomerContract,tariffMTL,tariffGridObj,DESTINATION,strDestination
CoreCustomerContract,tariffMTL,tariffGridObj,VEHICLE_CATEGORY,strVehicleCategory
CoreCustomerContract,tariffMTL,tariffGridObj,TRAN_MODE,strTranMode
CoreCustomerContract,tariffMTL,tariffGridObj,PRICE_BASIS,strPriceBasis
CoreCustomerContract,tariffMTL,tariffGridObj,PRICE,iPrice
CoreCustomerContract,tariffMTL,tariffGridObj,SLAB_FROM_VALUE,iSlabFromValue
CoreCustomerContract,tariffMTL,tariffGridObj,SLAB_TO_VALUE,iSlabToValue
CoreCustomerContract,tariffMTL,tariffGridObj,SLAB_BASIS,strSlabBasis
CoreCustomerContract,tariffMTL,tariffGridObj,REMARKS,strRemarks
CoreCustomerContract,tariffMTL,tariffGridObj,AMENDMENT_NO,iAmendmentNo
CoreInspectorService,MTLProcess,assignInspectorObj,recStatus,recStatus
CoreInspectorService,MTLProcess,assignInspectorObj,select,select
CoreInspectorService,MTLProcess,assignInspectorObj,INSPECTION_DATE,dtInspectionDate
CoreInspectorService,MTLProcess,assignInspectorObj,INSPECTION_TIME,iInspectionTime
CoreInspectorService,MTLProcess,assignInspectorObj,TRUCK_CODE,strTruckCode
CoreInspectorService,MTLProcess,assignInspectorObj,TRUCK_DESC,strTruckDesc
CoreInspectorService,MTLProcess,assignInspectorObj,DRIVER_CODE,strDriverCode
CoreInspectorService,MTLProcess,assignInspectorObj,DRIVER_NAME,strDriverName
CoreInspectorService,MTLProcess,assignInspectorObj,INSPECTION_NO,strInspectionNo
CoreInspectionsService,inspectionCache,inspectionCacheObj,recStatus,recStatus
CoreInspectionsService,inspectionCache,inspectionCacheObj,REFERENCE_TYPE,strRefType
CoreInspectionsService,inspectionCache,inspectionCacheObj,REFERENCE_NO,strRefNo
CoreInspectionsService,inspectionCache,inspectionCacheObj,REMARKS,strRemarks
CoreInspectionsService,inspectionCache,inspectionCacheObj,ATTACH_DOCUMENT,strAttachDocument
CoreInspectionsService,assigninspector,assignInspectorObj,recStatus,recStatus
CoreInspectionsService,assigninspector,assignInspectorObj,select,select
CoreInspectionsService,assigninspector,assignInspectorObj,INSPECTION_DATE,dtInspectionDate
CoreInspectionsService,assigninspector,assignInspectorObj,INSPECTION_TIME,iInspectionTime
CoreInspectionsService,assigninspector,assignInspectorObj,TRUCK_CODE,strTruckCode
CoreInspectionsService,assigninspector,assignInspectorObj,TRUCK_DESC,strTruckDesc
CoreInspectionsService,assigninspector,assignInspectorObj,DRIVER_CODE,strDriverCode
CoreInspectionsService,assigninspector,assignInspectorObj,DRIVER_NAME,strDriverName
CoreInspectionsService,assigninspector,assignInspectorObj,INSPECTION_NO,strInspectionNo
CoreInspectionsService,assigninspector,assignInspectorObj,INSPECTOR_NAME,strInspectorName
CoreInspectionsService,assigninspector,assignInspectorObj,WAYBILL_NO,strWaybillNo
CoreInspectionsService,assigninspector,assignInspectorObj,INSPECTION_STATUS,strInspectionStatus
CoreInspectionsService,assigninspector,assignInspectorObj,VEHICLE_CATEGORY,strVehicleCategory
CoreInspectionsService,checkLoadList,checkLoadListObj,recStatus,recStatus
CoreInspectionsService,checkLoadList,checkLoadListObj,CHK_LIST_CODE,strCheckListCode
CoreInspectionsService,checkLoadList,checkLoadListObj,CHKLST_DTL_SEQ_NO,iChkLstDtlSeqNo
CoreInspectionsService,checkLoadList,checkLoadListObj,CHKLST_DTL_DESC,strCheckListDesc
CoreInspectionsService,checkLoadList,checkLoadListObj,OPTION_DESCCSV,strOptionDescCsv
CoreInspectionsService,checkLoadList,checkLoadListObj,ANSWER,strAnswer
CoreInspectionsService,checkLoadList,checkLoadListObj,IMAGES,strImages
CoreInspectionsService,checkLoadList,checkLoadListObj,ANSWER_NXT,strAnswerNxt
CoreInspectionsService,checkLoadList,checkLoadListObj,ANSWER_LST,strAnswerLst
CoreInspectionsService,checkLoadList,checkLoadListObj,CHKLST_DTL_SEQ_NO_LST,iSeqNoLst
CoreInspectionsService,checkLoadList,checkLoadListObj,CHKLST_DTL_SEQ_NO_NXT,iSeqNoNxt
CoreInspectionsService,checkLoadList,checkLoadListObj,IMAGES_NXT,strImagesNxt
CoreInspectionsService,checkLoadList,checkLoadListObj,IMAGES_LST,strImagesLst
CoreInspectionsService,newCheckListGrid,newCheckListGridObj,recStatus,recStatus
CoreInspectionsService,newCheckListGrid,newCheckListGridObj,CHK_LIST_CODE,strCheckListCode
CoreInspectionsService,newCheckListGrid,newCheckListGridObj,CHKLST_DTL_SEQ_NO,iSeqNo
CoreInspectionsService,newCheckListGrid,newCheckListGridObj,ANSWER,strAnswer
CoreInspectionsService,newCheckListGrid,newCheckListGridObj,ANSWER_NXT,strAnswerNxt
CoreInspectionsService,newCheckListGrid,newCheckListGridObj,ANSWER_LST,strAnswerLst
CoreInspectionsService,newCheckListGrid,newCheckListGridObj,CHKLST_DTL_SEQ_NO_NXT,iSeqNoNxt
CoreInspectionsService,newCheckListGrid,newCheckListGridObj,CHKLST_DTL_SEQ_NO_LST,iSeqNoLst
CoreInspectionsService,newCheckListGrid,newCheckListGridObj,IMAGES,strImages
CoreInspectionsService,newCheckListGrid,newCheckListGridObj,IMAGES_NXT,strImagesNxt
CoreInspectionsService,newCheckListGrid,newCheckListGridObj,IMAGES_LST,strImagesLst
CoreInspectionsService,MTLProcessMobile,AcknowledgeObj,INSPECTION_NO,strInspectionNo
CoreInspectionsService,MTLProcessMobile,AcknowledgeObj,INSPECTION_TYPE,strInspectionType
CoreInspectionsService,assignCache,assignCacheObj,recStatus,recStatus
CoreInspectionsService,assignCache,assignCacheObj,STEP_NAME,strStepName
CoreInspectionsService,assignCache,assignCacheObj,STEP_DATE,strStep_date
CoreInspectionsService,assignCache,assignCacheObj,STEP_TIME,strStep_Time
CoreInspectionsService,assignCache,assignCacheObj,INSPECTOR_NAME,strInspector_name
CoreInspectionsService,assignCache,assignCacheObj,INSPECTION_POINT,strInspection_point
CoreInspectionsService,assignCache,assignCacheObj,ASSIGN_STATUS,strAssignStatus
CoreInspectionsService,assignCache,assignCacheObj,select,strSelect
CoreInspectionsService,fetchcheckListGrid,fetchcheckListGridObj,recStatus,recStatus
CoreInspectionsService,fetchcheckListGrid,fetchcheckListGridObj,CHK_LIST_CODE,strCheckListCode
CoreInspectionsService,fetchcheckListGrid,fetchcheckListGridObj,CHKLIST_NAME,strCheckListName
CoreInspectionsService,fetchcheckListGrid,fetchcheckListGridObj,CHKLST_DTL_DESC,strCheckListDesc
CoreInspectionsService,fetchcheckListGrid,fetchcheckListGridObj,DTL_SEQ_NO,iSeqNo
CoreInspectionsService,fetchcheckListGrid,fetchcheckListGridObj,OPTION_DESCCSV,strOptionDescCsv
CoreInspectionsService,fetchcheckListGrid,fetchcheckListGridObj,CHK_LIST_FLAG,strAnswer
CoreInspectionsService,fetchcheckListGrid,fetchcheckListGridObj,CHKLST_DTL_DESC,strCheckListDesc
CoreInspectionsService,fetchcheckListGrid,fetchcheckListGridObj,ATTACH_DOCUMENT,strAttachDocument
CoreInspectionsService,checkListGrid,inspectionCheckListObj,recStatus,recStatus
CoreInspectionsService,checkListGrid,inspectionCheckListObj,CHK_LIST_CODE,strCheckListCode
CoreInspectionsService,checkListGrid,inspectionCheckListObj,CHKLST_DTL_SEQ_NO,iSeqNo
CoreInspectionsService,checkListGrid,inspectionCheckListObj,ANSWER,strAnswer
CoreInspectionsService,checkListGrid,inspectionCheckListObj,IMAGES,strImages
CoreInspectionsService,checkListGrid,inspectionCheckListObj,ANSWER_NXT,strAnswerNxt
CoreInspectionsService,checkListGrid,inspectionCheckListObj,ANSWER_LST,strAnswerLst
CoreInspectionsService,checkListGrid,inspectionCheckListObj,CHKLST_DTL_SEQ_NO_NXT,iSeqNoNxt
CoreInspectionsService,checkListGrid,inspectionCheckListObj,CHKLST_DTL_SEQ_NO_LST,iSeqNoLst
CoreInspectionsService,checkListGrid,inspectionCheckListObj,IMAGES_NXT,strImagesNxt
CoreInspectionsService,checkListGrid,inspectionCheckListObj,IMAGES_LST,strImagesLst
CoreInspectionsService,DynMTLFetch,queryObj,COLUMN_NAME,columnName
CoreInspectionsService,DynMTLFetch,queryObj,OPERATOR,strOperator
CoreInspectionsService,DynMTLFetch,queryObj,CONTROL_ID,strControlid
CoreInspectionsService,DynMTLFetch,queryObj,DEFAULT_VALUE,strDefault
CoreInspectionsService,MandatoryTyresPhotoUpload,MandatoryTyresPhotoUploadObj,recStatus,recStatus
CoreInspectionsService,MandatoryTyresPhotoUpload,MandatoryTyresPhotoUploadObj,TYRE_POSITION,strManTyrePosition
CoreInspectionsService,MandatoryTyresPhotoUpload,MandatoryTyresPhotoUploadObj,ASSET_TYPE,strManAssetType
CoreInspectionsService,MandatoryTyresPhotoUpload,MandatoryTyresPhotoUploadObj,FILE_NAME,strManFileName
CoreInspectionsService,MandatoryTyresPhotoUpload,MandatoryTyresPhotoUploadObj,REMARKS,strManRemarks
CoreInspectionsService,MandatoryTyresPhotoUpload,MandatoryTyresPhotoUploadObj,select,strSelect
CoreInspectionsService,MandatoryTyresPhotoUpload,MandatoryTyresPhotoUploadObj,UPLOAD_PHOTO,strManUploadPhoto
CoreInspectionsService,MandatoryTyresPhotoUpload,MandatoryTyresPhotoUploadObj,cueRowId,cueRowId
CoreInspectionsService,OptionalTyresPhotoUpload,OptionalTyresPhotoUploadObj,recStatus,recStatus
CoreInspectionsService,OptionalTyresPhotoUpload,OptionalTyresPhotoUploadObj,TYRE_POSITION,strOptTyrepos
CoreInspectionsService,OptionalTyresPhotoUpload,OptionalTyresPhotoUploadObj,ASSET_TYPE,strOptAssettype
CoreInspectionsService,OptionalTyresPhotoUpload,OptionalTyresPhotoUploadObj,FILE_NAME,strOptFileName
CoreInspectionsService,OptionalTyresPhotoUpload,OptionalTyresPhotoUploadObj,REMARKS,strOptRemarks
CoreInspectionsService,OptionalTyresPhotoUpload,OptionalTyresPhotoUploadObj,select,strSelect
CoreInspectionsService,OptionalTyresPhotoUpload,OptionalTyresPhotoUploadObj,UPLOAD_PHOTO,strOptUploadPhoto
CoreInspectionsService,OptionalTyresPhotoUpload,OptionalTyresPhotoUploadObj,cueRowId,cueRowId
CoreJourneyAssessmentService,MTLProcess,journeyAssessment_obj,recStatus,recStatus
CoreJourneyAssessmentService,MTLProcess,journeyAssessment_obj,CHKLST_DTL_DESC,strChecklistDesc
CoreJourneyAssessmentService,MTLProcess,journeyAssessment_obj,CHKLST_DTL_SEQ_NO,iSeqNo
CoreJourneyAssessmentService,MTLProcess,journeyAssessment_obj,OPTION_DESCCSV,strChecklistOption
CoreJourneyAssessmentService,MTLProcess,journeyAssessment_obj,CHK_LIST_FLAG,strChecklistAnswer
CoreJourneyAssessmentService,MTLProcess,journeyAssessment_obj,WEIGHTAGE,iChecklistScore
CoreJourneyAssessmentService,MTLProcess,journeyAssessment_obj,CHK_LIST_NAME,strChecklistCode
CoreJourneyAssessmentService,MTLProcess,journeyAssessment_obj,ATTACH_DOCUMENT,strAttachment
CoreJourneyAssessmentService,ebPAC,routeDtlObj,ROUTE_DTL_SEQ_NO,iSeqNo
CoreJourneyAssessmentService,ebPAC,routeDtlObj,INTRANSIT_ORIGIN,tempOrigin
CoreJourneyAssessmentService,ebPAC,routeDtlObj,INTRANSIT_DEST,tempDestination
CoreJourneyAssessmentService,ebPAC,routeDtlObj,ROUTE_DTL_SEQ_NO,iSeqNo
CoreJourneyAssessmentService,ebPAC,routeDtlObj,INTRANSIT_ORIGIN,strIntransitOrigin
CoreJourneyAssessmentService,ebPAC,routeDtlObj,INTRANSIT_DEST,strIntransitDestination
CoreJourneyAssessmentService,MTLProcess_JPParam,journeyAssessmentMappingObj,recStatus,recStatus
CoreJourneyAssessmentService,MTLProcess_JPParam,journeyAssessmentMappingObj,RANGE_FROM,iRangeFrom
CoreJourneyAssessmentService,MTLProcess_JPParam,journeyAssessmentMappingObj,RANGE_TO,iRangeTo
CoreJourneyAssessmentService,MTLProcess_JPParam,journeyAssessmentMappingObj,CATEGORY,strCategory
CoreViolationService,MTLProcess,violationDtlObj,CONSEQUENCE,strConsequence
CoreViolationService,MTLProcess,violationDtlObj,OCCURANCE_FREQUENCY,strFrequency
CoreViolationService,MTLProcess,violationDtlObj,VALIDITY_IN_MONTHS,strValidityInMnths
CoreViolationService,MTLProcess,violationDtlObj,VOL_SLNO,iSeqNo
CoreViolationService,MTLProcess,violationDtlObj,recStatus,recStatus
CoreAdminebpac,MTLProcess,roleDtlObj,recStatus,recStatus
CoreAdminebpac,MTLProcess,roleDtlObj,SCREEN_ID,strScreenId
CoreAdminebpac,MTLProcess,roleDtlObj,SCREEN_DESC,strScreenDesc
CoreAdminebpac,MTLProcess,roleDtlObj,MODULE_ID,strModuleId
CoreAdminebpac,MTLProcess,roleDtlObj,MODULE_DESC,strModuleDesc
CoreAdminebpac,MTLProcess,roleDtlObj,PERMISSION,strPermission
CoreAdminebpac,MTLProcess,roleDtlObj,USER_ID,strBulkUserId
CoreAdminebpac,MTLProcess,roleDtlObj,USER_NAME,strUserName
CoreAdminebpac,MTLProcess,roleDtlObj,EMAIL_ID,strEmailId
CoreAdminebpac,MTLProcess,roleDtlObj,STATUS,strUserStatus
CoreAdminebpac,MTLProcess,roleDtlObj,USER_TYPE,strUserType
CoreAdminebpac,MTLProcess,roleDtlObj,EFFECTIVE_FROM,dtEffectiveFrom
CoreAdminebpac,MTLProcess,roleDtlObj,EFFECTIVE_TO,dtEffectiveTo
CoreAdminebpac,MTLProcess,roleDtlObj,REASONS,strReasons
CoreAdminebpac,MTLProcess,roleDtlObj,REMARKS,strRemarks
CoreAdminebpac,MTLProcess,roleDtlObj,COMPONENT_ID,strComponentId
CoreAdminebpac,MTLProcess,roleDtlObj,TASK_ID,strTaskId
CoreAdminebpac,MTLProcess,roleDtlObj,PHONE_NUMBER,iPhoneNo
CoreAdminebpac,MTLProcess,roleDtlObj,ENTITY_CODE,strEntityCode
CoreAdminebpac,MTLProcess,roleDtlObj,CONTROL_ID,strControlid
CoreAdminebpac,MTLProcess,roleDtlObj,VISIBLE,strVisible
CoreAdminebpac,MTLProcess,roleDtlObj,READ_ONLY,strReadonly
CoreAdminebpac,MTLProcess,roleDtlObj,CONTROL_TYPE,strControlType
CoreAdminebpac,MTLProcess,roleDtlObj,GRID_ID,strGridid
CoreAdminebpac,MTLProcess,roleDtlObj,SUPER_ROLE,strSuperRole1
CoreAdminebpac,MTLProcessRoleOU,UserOURoleDtlObj,recStatus,recStatus
CoreAdminebpac,MTLProcessRoleOU,UserOURoleDtlObj,SEQ_NO,iSeqNo
CoreAdminebpac,MTLProcessRoleOU,UserOURoleDtlObj,USER_ID,strNewUserId
CoreAdminebpac,MTLProcessRoleOU,UserOURoleDtlObj,USER_NAME,strNewUserName
CoreAdminebpac,MTLProcessRoleOU,UserOURoleDtlObj,USER_STATUS,strUserStatus
CoreAdminebpac,MTLProcessRoleOU,UserOURoleDtlObj,OU_CODE,strOuCode
CoreAdminebpac,MTLProcessRoleOU,UserOURoleDtlObj,OU_NAME,strOuName
CoreAdminebpac,MTLProcessRoleOU,UserOURoleDtlObj,OU_STATUS,strOuStatus
CoreAdminebpac,MTLProcessRoleOU,UserOURoleDtlObj,DEFAULT_OU,strDefaultOu
CoreAdminebpac,MTLProcessRoleOU,UserOURoleDtlObj,ROLE_ID,strRoleId
CoreAdminebpac,MTLProcessRoleOU,UserOURoleDtlObj,ROLE_NAME,strRoleName
CoreAdminebpac,MTLProcessRoleOU,UserOURoleDtlObj,DEFAULT_ROLE,strDefaultRole
CoreAdminebpac,MTLROLETASK,roleDtlObj,recStatus,recStatus
CoreAdminebpac,MTLROLETASK,roleDtlObj,SCREEN_ID,strScreenId
CoreAdminebpac,MTLROLETASK,roleDtlObj,SCREEN_DESC,strScreenDesc
CoreAdminebpac,MTLROLETASK,roleDtlObj,MODULE_ID,strModuleId
CoreAdminebpac,MTLROLETASK,roleDtlObj,MODULE_DESC,strModuleDesc
CoreAdminebpac,MTLROLETASK,roleDtlObj,PERMISSION,strPermission
CoreAdminebpac,MTLROLETASK,roleDtlObj,USER_ID,strBulkUserId
CoreAdminebpac,MTLROLETASK,roleDtlObj,USER_NAME,strUserName
CoreAdminebpac,MTLROLETASK,roleDtlObj,EMAIL_ID,strEmailId
CoreAdminebpac,MTLROLETASK,roleDtlObj,STATUS,strUserStatus
CoreAdminebpac,MTLROLETASK,roleDtlObj,USER_TYPE,strUserType
CoreAdminebpac,MTLROLETASK,roleDtlObj,EFFECTIVE_FROM,dtEffectiveFrom
CoreAdminebpac,MTLROLETASK,roleDtlObj,EFFECTIVE_TO,dtEffectiveTo
CoreAdminebpac,MTLROLETASK,roleDtlObj,REASONS,strReasons
CoreAdminebpac,MTLROLETASK,roleDtlObj,REMARKS,strRemarks
CoreAdminebpac,MTLROLETASK,roleDtlObj,COMPONENT_ID,strComponentId
CoreAdminebpac,MTLROLETASK,roleDtlObj,TASK_ID,strTaskId
CoreAdminebpac,MTLROLETASK,roleDtlObj,PHONE_NUMBER,iPhoneNo
CoreAdminebpac,MTLROLETASK,roleDtlObj,ENTITY_CODE,strEntityCode
CoreAdminebpac,MTLROLETASK,roleDtlObj,CONTROL_ID,strControlid
CoreAdminebpac,MTLROLETASK,roleDtlObj,VISIBLE,strVisible
CoreAdminebpac,MTLROLETASK,roleDtlObj,READ_ONLY,strReadonly
CoreAdminebpac,MTLROLETASK,roleDtlObj,CONTROL_TYPE,strControlType
CoreAdminebpac,MTLROLETASK,roleDtlObj,GRID_ID,strGridid
CoreAdminebpac,MTLROLETASK,roleDtlObj,SUPER_ROLE,strSuperRole1
CoreAdminebpac,MTLBULKUSER,roleDtlObj,recStatus,recStatus
CoreAdminebpac,MTLBULKUSER,roleDtlObj,SCREEN_ID,strScreenId
CoreAdminebpac,MTLBULKUSER,roleDtlObj,SCREEN_DESC,strScreenDesc
CoreAdminebpac,MTLBULKUSER,roleDtlObj,MODULE_ID,strModuleId
CoreAdminebpac,MTLBULKUSER,roleDtlObj,MODULE_DESC,strModuleDesc
CoreAdminebpac,MTLBULKUSER,roleDtlObj,PERMISSION,strPermission
CoreAdminebpac,MTLBULKUSER,roleDtlObj,USER_ID,strBulkUserId
CoreAdminebpac,MTLBULKUSER,roleDtlObj,USER_NAME,strUserName
CoreAdminebpac,MTLBULKUSER,roleDtlObj,EMAIL_ID,strEmailId
CoreAdminebpac,MTLBULKUSER,roleDtlObj,STATUS,strUserStatus
CoreAdminebpac,MTLBULKUSER,roleDtlObj,USER_TYPE,strUserType
CoreAdminebpac,MTLBULKUSER,roleDtlObj,EFFECTIVE_FROM,dtEffectiveFrom
CoreAdminebpac,MTLBULKUSER,roleDtlObj,EFFECTIVE_TO,dtEffectiveTo
CoreAdminebpac,MTLBULKUSER,roleDtlObj,REASONS,strReasons
CoreAdminebpac,MTLBULKUSER,roleDtlObj,REMARKS,strRemarks
CoreAdminebpac,MTLBULKUSER,roleDtlObj,COMPONENT_ID,strComponentId
CoreAdminebpac,MTLBULKUSER,roleDtlObj,TASK_ID,strTaskId
CoreAdminebpac,MTLBULKUSER,roleDtlObj,PHONE_NUMBER,iPhoneNo
CoreAdminebpac,MTLBULKUSER,roleDtlObj,ENTITY_CODE,strEntityCode
CoreAdminebpac,MTLBULKUSER,roleDtlObj,CONTROL_ID,strControlid
CoreAdminebpac,MTLBULKUSER,roleDtlObj,VISIBLE,strVisible
CoreAdminebpac,MTLBULKUSER,roleDtlObj,READ_ONLY,strReadonly
CoreAdminebpac,MTLBULKUSER,roleDtlObj,CONTROL_TYPE,strControlType
CoreAdminebpac,MTLBULKUSER,roleDtlObj,GRID_ID,strGridid
CoreAdminebpac,MTLBULKUSER,roleDtlObj,SUPER_ROLE,strSuperRole1
CoreSystemParameterTS,MTLProcess,geoAreasObj,recStatus,recStatus
CoreSystemParameterTS,MTLProcess,geoAreasObj,select,strSelect
CoreSystemParameterTS,MTLProcess,geoAreasObj,ZIP_CODE,strZipCode
CoreSystemParameterTS,MTLProcess,geoAreasObj,CITY,strCity
CoreSystemParameterTS,MTLProcess,geoAreasObj,STATE,strState
CoreSystemParameterTS,ExclusionGrid,excGridObj,recStatus,recStatus
CoreSystemParameterTS,ExclusionGrid,excGridObj,select,strSelect
CoreSystemParameterTS,ExclusionGrid,excGridObj,ZIP_CODE,strZipCode
CoreSystemParameterTS,ExclusionGrid,excGridObj,CITY,strCity
CoreSystemParameterTS,ExclusionGrid,excGridObj,STATE,strState
CoreSystemParameterTS,SERLANE,laneMapGridObj,recStatus,recStatus
CoreSystemParameterTS,SERLANE,laneMapGridObj,select,strSelect
CoreSystemParameterTS,SERLANE,laneMapGridObj,LANE_CODE,strLaneCode
CoreSystemParameterTS,SERLANE,laneMapGridObj,REGION_FROM,strRegFrom
CoreSystemParameterTS,SERLANE,laneMapGridObj,REGION_TO,strRegTo
CoreSystemParameterTS,JBdashDtlCache,JBdashDtlCacheObj,recStatus,recStatus
CoreSystemParameterTS,JBdashDtlCache,JBdashDtlCacheObj,select,strSelect
CoreSystemParameterTS,JBdashDtlCache,JBdashDtlCacheObj,PERIOD,strPeriod
CoreSystemParameterTS,JBdashDtlCache,JBdashDtlCacheObj,FROM_TIME,strFromTime
CoreSystemParameterTS,JBdashDtlCache,JBdashDtlCacheObj,TO_TIME,strToTime
CoreSystemParameterTS,JBdashDtlCache,JBdashDtlCacheObj,SEQNO,iSeqNo
CoreSystemParameterTS,SLDtlCache,SLDtlCacheObj,recStatus,recStatus
CoreSystemParameterTS,SLDtlCache,SLDtlCacheObj,select,strSelect
CoreSystemParameterTS,SLDtlCache,SLDtlCacheObj,REGION,strRegion
CoreSystemParameterTS,SLDtlCache,SLDtlCacheObj,LANE,strLane
CoreSystemParameterTS,SLDtlCache,SLDtlCacheObj,COMMODITY,strCommodity
CoreSystemParameterTS,SLDtlCache,SLDtlCacheObj,VEHICLE_CATEGORY,strVehicleCategory
CoreSystemParameterTS,SLDtlCache,SLDtlCacheObj,SLA_TIME,strSLATime
CoreSystemParameterTS,SLDtlCache,SLDtlCacheObj,SEQNO,iSeqNo
CoreSystemParameterTS,SLDtlCache,SLDtlCacheObj,PRIORITY,strPriority
CoreSystemParameterTS,TraceTraceDtlCache,TraceTraceDtlCacheObj,recStatus,recStatus
CoreSystemParameterTS,TraceTraceDtlCache,TraceTraceDtlCacheObj,select,strSelect
CoreSystemParameterTS,TraceTraceDtlCache,TraceTraceDtlCacheObj,MILESTONES,strMileStones
CoreSystemParameterTS,TraceTraceDtlCache,TraceTraceDtlCacheObj,ACCEPTABLE_TIME,strAcceptableTime
CoreSystemParameterTS,TraceTraceDtlCache,TraceTraceDtlCacheObj,SEQNO,iSeqNo
CoreSystemParameterTS,CHGRNG,chgrngMapGridObj,recStatus,recStatus
CoreSystemParameterTS,CHGRNG,chgrngMapGridObj,select,strSelect
CoreSystemParameterTS,CHGRNG,chgrngMapGridObj,SERVICE_ITEM,strServiceItem
CoreSystemParameterTS,CHGRNG,chgrngMapGridObj,SERVICE_ITEM_DESC,strServiceItemDesc
CoreSystemParameterTS,CHGRNG,chgrngMapGridObj,CHARGE_CODE,strChargeCode
CoreSystemParameterTS,CHGRNG,chgrngMapGridObj,LANE_CODE,strLaneCode
CoreSystemParameterTS,CHGRNG,chgrngMapGridObj,LANE_DESC,strLaneDesc
CoreSystemParameterTS,CHGRNG,chgrngMapGridObj,CHARGE_DESC,strChargeDesc
CoreSystemParameterTS,CHGRNG,chgrngMapGridObj,CHARGE_BASIS,strChargeBasis
CoreSystemParameterTS,CHGRNG,chgrngMapGridObj,RATE,iRate
CoreSystemParameterTS,CHGRNG,chgrngMapGridObj,MIN_AMT,iMinAmt
CoreSystemParameterTS,CHGRNG,chgrngMapGridObj,MAX_AMT,iMaxAmt
CoreSystemParameterTS,CHGRNG,chgrngMapGridObj,CHG_LINE_NO,iChgLineNo
CoreSystemParameterTS,CHGRNG,chgrngMapGridObj,RNG_LINE_NO,iRngLineNo
CoreSystemParameterTS,CHGRNG,chgrngMapGridObj,RANGE_FROM,iRangeFrom
CoreSystemParameterTS,CHGRNG,chgrngMapGridObj,RANGE_TO,iRangeTo
CoreSystemParameterTS,DataSecurityCache,DataSecurityCacheObj,recStatus,recStatus
CoreSystemParameterTS,DataSecurityCache,DataSecurityCacheObj,select,strSelect
CoreSystemParameterTS,DataSecurityCache,DataSecurityCacheObj,SEQNO,iSeqNo
CoreSystemParameterTS,DataSecurityCache,DataSecurityCacheObj,FLAG,strYesNo
CoreSystemParameterTS,DataSecurityCache,DataSecurityCacheObj,MODULE_ID,strModule
CoreSystemParameterTS,VehReleaseDtlCache,VehReleaseDtlCacheObj,recStatus,recStatus
CoreSystemParameterTS,VehReleaseDtlCache,VehReleaseDtlCacheObj,select,strSelect
CoreSystemParameterTS,VehReleaseDtlCache,VehReleaseDtlCacheObj,REGION,strRegion
CoreSystemParameterTS,VehReleaseDtlCache,VehReleaseDtlCacheObj,LOC_NAME,strLocationName
CoreSystemParameterTS,VehReleaseDtlCache,VehReleaseDtlCacheObj,LOC_CODE,strLocationCode
CoreSystemParameterTS,LoadingTimeconfig,LoadingTimeconfigObj,recStatus,recStatus
CoreSystemParameterTS,LoadingTimeconfig,LoadingTimeconfigObj,select,strSelect
CoreSystemParameterTS,LoadingTimeconfig,LoadingTimeconfigObj,FRM_LOC_CODE,strFrmLocCode
CoreSystemParameterTS,LoadingTimeconfig,LoadingTimeconfigObj,TO_LOC_CODE,strToLocCode
CoreSystemParameterTS,LoadingTimeconfig,LoadingTimeconfigObj,LOADING_TIME,strLoadingTime
CoreSystemParameterTS,IvmsDtlCache,IvmsDtlCacheObj,recStatus,recStatus
CoreSystemParameterTS,IvmsDtlCache,IvmsDtlCacheObj,select,strSelect
CoreSystemParameterTS,IvmsDtlCache,IvmsDtlCacheObj,REGION,strRegion
CoreSystemParameterTS,IvmsDtlCache,IvmsDtlCacheObj,LOC_NAME,strLocationName
CoreSystemParameterTS,IvmsDtlCache,IvmsDtlCacheObj,LOC_CODE,strLocationCode
CoreSystemParameterTS,DataVisibility,DataVisibilityObj,recStatus,recStatus
CoreSystemParameterTS,DataVisibility,DataVisibilityObj,select,strSelect
CoreSystemParameterTS,DataVisibility,DataVisibilityObj,REGION,strRegionType
CoreSystemParameterTS,DataVisibility,DataVisibilityObj,ASSET_TYPE,strAssetType
CoreSystemParameterTS,DataVisibility,DataVisibilityObj,CARRIER,strCarrier
CoreSystemParameterTS,PostInspInterior,PostInspInteriorObj,recStatus,recStatus
CoreSystemParameterTS,PostInspInterior,PostInspInteriorObj,select,strSelect
CoreSystemParameterTS,PostInspInterior,PostInspInteriorObj,REGION,strRegion
CoreSystemParameterTS,PostInspInterior,PostInspInteriorObj,LOC_NAME,strLocationName
CoreSystemParameterTS,PostInspInterior,PostInspInteriorObj,LOC_CODE,strLocationCode
CoreSystemParameterTS,InspectionLocation,InspectionLocationObj,recStatus,recStatus
CoreSystemParameterTS,InspectionLocation,InspectionLocationObj,select,strSelect
CoreSystemParameterTS,InspectionLocation,InspectionLocationObj,LOC_NAME,strLocationName
CoreSystemParameterTS,InspectionLocation,InspectionLocationObj,LOC_CODE,strLocationCode
CoreSystemParameterTS,VehicleInspectionConfig,VehicleInspectionConfigObj,recStatus,recStatus
CoreSystemParameterTS,VehicleInspectionConfig,VehicleInspectionConfigObj,select,strSelect
CoreSystemParameterTS,VehicleInspectionConfig,VehicleInspectionConfigObj,LOC_CODE,strLocationCode
CoreSystemParameterTS,VehicleInspectionConfig,VehicleInspectionConfigObj,INSP_ST_TM,strInspStartTm
CoreSystemParameterTS,VehicleInspectionConfig,VehicleInspectionConfigObj,TIME_MANDATORY,strTimeMen
CoreSystemParameterTS,VehicleInspectionConfig,VehicleInspectionConfigObj,INSP_SLOT_TM,strInspSlotTm
CoreSystemParameterTS,VehicleInspectionConfig,VehicleInspectionConfigObj,NO_OF_TM_SLOT,strNoTimeSlot
CoreSystemParameterTS,SpecialTrailer,SpecialTrailerObj,recStatus,recStatus
CoreSystemParameterTS,SpecialTrailer,SpecialTrailerObj,select,strSelect
CoreSystemParameterTS,SpecialTrailer,SpecialTrailerObj,TRAILER_TYPE,stTrailerType
CoreSystemParameterTS,SELoadingChargesLocations,SELoadingChargesLocationsObj,recStatus,recStatus
CoreSystemParameterTS,SELoadingChargesLocations,SELoadingChargesLocationsObj,select,strSelect
CoreSystemParameterTS,SELoadingChargesLocations,SELoadingChargesLocationsObj,SE_LOC_NAME,strSELoadLocName
CoreSystemParameterTS,SEUnloadingChargesLocations,SEUnloadingChargesLocationsObj,recStatus,recStatus
CoreSystemParameterTS,SEUnloadingChargesLocations,SEUnloadingChargesLocationsObj,select,strSelect
CoreSystemParameterTS,SEUnloadingChargesLocations,SEUnloadingChargesLocationsObj,SE_LOC_NAME,strSEUnloadLocName
CoreSystemParameterTS,ValidateDriverRestRegion,ValidateDriverRestRegionObj,recStatus,recStatus
CoreSystemParameterTS,ValidateDriverRestRegion,ValidateDriverRestRegionObj,select,strSelect
CoreSystemParameterTS,ValidateDriverRestRegion,ValidateDriverRestRegionObj,APPLICABLE_REGION,strApplicableRegion
CoreSystemParameterTS,AutoSleepJPRoute,AutoSleepJPRouteObj,recStatus,recStatus
CoreSystemParameterTS,AutoSleepJPRoute,AutoSleepJPRouteObj,select,strSelect
CoreSystemParameterTS,AutoSleepJPRoute,AutoSleepJPRouteObj,ROUTE_CODE,strRouteCode
CoreSystemParameterTS,AutoSleepJPRoute,AutoSleepJPRouteObj,OVERRIDE_LOC_CODE,strOverrideLoc
CoreSystemParameterTS,AutoSleepJPRoute,AutoSleepJPRouteObj,NEXT_DAY_START_TM,strNextDayStratTM
CoreSystemParameterTS,TyreRFIDEntryLoc,TyreRFIDEntryLocObj,recStatus,recStatus
CoreSystemParameterTS,TyreRFIDEntryLoc,TyreRFIDEntryLocObj,select,strSelect
CoreSystemParameterTS,TyreRFIDEntryLoc,TyreRFIDEntryLocObj,RFID_ENTRY_LOC_CODE,strRfidEntyrLocCode
CoreSystemParameterTS,TyreRFIDEntryLoc,TyreRFIDEntryLocObj,RFID_ENTRY_LOC_NAME,strRfidEntyrLocName
CoreSystemParameterTS,TyreRFIDEntryLoc,TyreRFIDEntryLocObj,VALIDATION_REQUIRED,strRfidValReq
CoreCalendarService,calendarException,calenderExceptionObj,recStatus,recStatus
CoreCalendarService,calendarException,calenderExceptionObj,DATES,dtCalenderDate
CoreCalendarService,calendarException,calenderExceptionObj,STATUS,strStatus
CoreCalendarService,calendarException,calenderExceptionObj,DAY,strDay
CoreCalendarService,calendarException,calenderExceptionObj,REMARKS,strDescription
CoreCalendarService,calendarException,calenderExceptionObj,CALENDAR_CODE,strCalenderCode
CoreCalendarService,constraintDtl,constraintDtlObj,recStatus,recStatus
CoreCalendarService,constraintDtl,constraintDtlObj,CALENDAR_CODE,strCalenderCode
CoreCalendarService,constraintDtl,constraintDtlObj,CONSTRAINT_CODE,strConstraintCode
CoreCalendarService,constraintDtl,constraintDtlObj,CONSTRAINT_DESC,strConstraintDesc
CoreCustomerService,JBdashDtlCacheObj,JBdashDtlCacheObj,recStatus,recStatus
CoreCustomerService,JBdashDtlCacheObj,JBdashDtlCacheObj,select,strSelect
CoreCustomerService,JBdashDtlCacheObj,JBdashDtlCacheObj,LOG_GROUP,strLogGroup
CoreCustomerService,JBdashDtlCacheObj,JBdashDtlCacheObj,DEFAULT_LOGGRP,strDefault
CoreCustomerService,SLDtlCacheObj,SLDtlCacheObj,recStatus,recStatus
CoreCustomerService,SLDtlCacheObj,SLDtlCacheObj,select,strSelect
CoreCustomerService,SLDtlCacheObj,SLDtlCacheObj,DIV_CODE,strLocationCode
CoreCustomerService,SLDtlCacheObj,SLDtlCacheObj,DEFAULT_DIV,strDefault1
CoreRouteService,routeDtlGrid,routeDtlGridObj,recStatus,recStatus
CoreRouteService,routeDtlGrid,routeDtlGridObj,select,strSelect
CoreRouteService,routeDtlGrid,routeDtlGridObj,ROUTE_DTL_SEQ_NO,iSeqNo
CoreRouteService,routeDtlGrid,routeDtlGridObj,INTRANSIT_ORIGIN,strIntransitOrigin
CoreRouteService,routeDtlGrid,routeDtlGridObj,INTRANSIT_DEST,strIntransitDestination
CoreRouteService,routeDtlGrid,routeDtlGridObj,ROUTE_LEG,strRouteLeg
CoreRouteService,routeDtlGrid,routeDtlGridObj,CONSTRAINT_CODE,strConstraintCode
CoreRouteService,routeDtlGrid,routeDtlGridObj,DISTANCE,iDistance
CoreRouteService,routeDtlGrid,routeDtlGridObj,TRANSIT_TIME,tmTransitTime
CoreRouteService,ebPAC,routeDtlObj,ROUTE_DTL_SEQ_NO,iSeqNo
CoreRouteService,ebPAC,routeDtlObj,INTRANSIT_ORIGIN,tempOrigin
CoreRouteService,ebPAC,routeDtlObj,INTRANSIT_DEST,tempDestination
CoreRouteService,ebPAC,routeDtlObj,ROUTE_DTL_SEQ_NO,iSeqNo
CoreRouteService,ebPAC,routeDtlObj,INTRANSIT_ORIGIN,strIntransitOrigin
CoreRouteService,ebPAC,routeDtlObj,INTRANSIT_DEST,strIntransitDestination
CoreRouteService,ebPACReports,routeDtlObj,INTRANSIT_ORIGIN,strIntransitOrigin
CoreRouteService,ebPACReports,routeDtlObj,INTRANSIT_DEST,strIntransitDestination
CoreRouteService,ebPACReports,routeDtlObj,ROUTE_DTL_SEQ_NO,iSeqNo
CoreRouteService,ebPACReports,routeDtlObj,DISTANCE,iDistance
CoreRouteService,ebPACReports,routeDtlObj,recStatus,recStatus
CoreRouteService,ebPACReports,routeDtlObj,ROUTE_LEG,strRouteLeg
CoreRouteService,ebPACReports,routeDtlObj,CONSTRAINT_CODE,strConstraintCode
CoreRouteService,ebPACReports,routeDtlObj,SPEED,strSpeed
CoreRouteService,ebPACReports,routeDtlObj,TRUCK_CATEGORY,strTruckCategory
CoreRouteService,ebPACReports,routeDtlObj,UOM,strDistanceUom
CoreRouteService,ebPACReports,routeDtlObj,ROUTE_CODE,strRouteId
CoreJourneyPlanebpac,PlanDetails,planDetailsObj,recStatus,recStatus
CoreJourneyPlanebpac,PlanDetails,planDetailsObj,INTRANSIT_LOCATION,strTransitLocation
CoreJourneyPlanebpac,PlanDetails,planDetailsObj,MOTEL,strMotel
CoreJourneyPlanebpac,PlanDetails,planDetailsObj,CALL_STATUS,strCallStatus
CoreJourneyPlanebpac,PlanDetails,planDetailsObj,SEQ_NO,iSeqNo
CoreJourneyPlanebpac,PlanDetails,planDetailsObj,PLANNED_ARRIVAL_DATE,dtPlannedArrivalDate
CoreJourneyPlanebpac,PlanDetails,planDetailsObj,PLANNED_ARRIVAL_TIME,tmPlannedArrivalTime
CoreJourneyPlanebpac,PlanDetails,planDetailsObj,ACTUAL_ARRIVAL_DATE,dtActualArrivalDate
CoreJourneyPlanebpac,PlanDetails,planDetailsObj,PLANNED_DEPARTURE_DATE,dtPlannedDepartureDate
CoreJourneyPlanebpac,PlanDetails,planDetailsObj,ACTUAL_DEPARTURE_DATE,dtActualDepartureDate
CoreJourneyPlanebpac,PlanDetails,planDetailsObj,PLANNED_DEPARTURE_TIME,tmPlannedDepartureTime
CoreJourneyPlanebpac,PlanDetails,planDetailsObj,ACTUAL_DEPARTURE_TIME,tmActualDepartureTime
CoreJourneyPlanebpac,PlanDetails,planDetailsObj,NEW_PLANNED_ARRIVAL_TIME,tmNewPlanArrivalTime
CoreJourneyPlanebpac,PlanDetails,planDetailsObj,NEW_PLANNED_ARRIVAL_DATE,dtNewPlanArrivalDate
CoreJourneyPlanebpac,PlanDetails,planDetailsObj,NEW_PLANNED_DEPARTURE_TIME,tmNewPlanDepartureTime
CoreJourneyPlanebpac,PlanDetails,planDetailsObj,NEW_PLANNED_DEPARTURE_DATE,dtNewPlanDepartureDate
CoreJourneyPlanebpac,PlanDetails,planDetailsObj,ACTUAL_ARRIVAL_TIME,tmActualArrivalTime
CoreJourneyPlanebpac,PlanDetails,planDetailsObj,ACTION_TYPE,strAction
CoreJourneyPlanebpac,PlanDetails,planDetailsObj,DELAY_REASON,strDelayReason
CoreJourneyPlanebpac,PlanDetails,planDetailsObj,CALLJM,strCallJMNo
CoreJourneyPlanebpac,ViolationDetails,violationDetailsObj,recStatus,recStatus
CoreJourneyPlanebpac,ViolationDetails,violationDetailsObj,VIOLATION_CODE,strViolationCode
CoreJourneyPlanebpac,ViolationDetails,violationDetailsObj,VIOLATION_TYPE,strViolationType
CoreJourneyPlanebpac,ViolationDetails,violationDetailsObj,VIOLATION_DESC,strViolationDecription
CoreJourneyPlanebpac,ViolationDetails,violationDetailsObj,EXISTING_VIOLATION,strExistingViolation
CoreJourneyPlanebpac,ViolationDetails,violationDetailsObj,CURRENT_VIOLATION,strCurrentViolation
CoreJourneyPlanebpac,ViolationDetails,violationDetailsObj,REMARKS,strViolationRemarks
CoreJourneyPlanebpac,ViolationDetails,violationDetailsObj,DRIVER_CODE,strDriverCode
CoreJourneyPlanebpac,ViolationDetails,violationDetailsObj,S_NO,iSeqNo
CoreJourneyPlanebpac,ItemDetails,itemDetailsObj,recStatus,recStatus
CoreJourneyPlanebpac,ItemDetails,itemDetailsObj,ITEM_CODE,strItemCode
CoreJourneyPlanebpac,ItemDetails,itemDetailsObj,ITEM_DESCRIPTION,strItemDescription
CoreJourneyPlanebpac,ItemDetails,itemDetailsObj,ITEM_QUANTITY,iQuantity
CoreJourneyPlanebpac,ItemDetails,itemDetailsObj,ITEM_STANDARD_UOM,iStandardUOM
CoreJourneyPlanebpac,ItemDetails,itemDetailsObj,WEIGHT_IN_KG,iWeightInKG
CoreJourneyPlanebpac,ItemDetails,itemDetailsObj,TOTAL_WEIGHT,fTotalWeight
CoreJourneyPlanebpac,ItemDetails,itemDetailsObj,SEQ_NO,iSeqNo
CoreJourneyPlanebpac,ToolBoxDetails,toolBoxTalkDetailsObj,recStatus,recStatus
CoreJourneyPlanebpac,ToolBoxDetails,toolBoxTalkDetailsObj,TOOLBOX_TYPE,strToolBoxCode
CoreJourneyPlanebpac,ToolBoxDetails,toolBoxTalkDetailsObj,TYPE_DESC,strToolBoxTalks
CoreJourneyPlanebpac,ToolBoxDetails,toolBoxTalkDetailsObj,SEQ_NO,iSeqNo
CoreJourneyPlanebpac,ReferenceDetails,referenceDetailsObj,recStatus,recStatus
CoreJourneyPlanebpac,ReferenceDetails,referenceDetailsObj,REMARKS,strReferenceRemarks
CoreJourneyPlanebpac,ReferenceDetails,referenceDetailsObj,REFERENCE_TYPE,strReferenceType
CoreJourneyPlanebpac,ReferenceDetails,referenceDetailsObj,REFERENCE_NO,strReferenceNo
CoreJourneyPlanebpac,ReferenceDetails,referenceDetailsObj,SEQ_NO,iSeqNo
CoreJourneyPlanebpac,PassengerDetails,passengerDetailsObj,recStatus,recStatus
CoreJourneyPlanebpac,PassengerDetails,passengerDetailsObj,PASSENGER,strPassenger
CoreJourneyPlanebpac,PassengerDetails,passengerDetailsObj,REMARKS,strPassengerRemarks
CoreJourneyPlanebpac,PassengerDetails,passengerDetailsObj,SERIAL_NO,iSeqNo
CoreJourneyPlanebpac,DeBriefing,DebreifingDetailsObj,recStatus,recStatus
CoreJourneyPlanebpac,DeBriefing,DebreifingDetailsObj,TYPE,strType
CoreJourneyPlanebpac,DeBriefing,DebreifingDetailsObj,SUB_TYPE,strSubType
CoreJourneyPlanebpac,DeBriefing,DebreifingDetailsObj,DETAILS,strDetails
CoreJourneyPlanebpac,DeBriefing,DebreifingDetailsObj,SEQ_NO,iSeqNo
CoreJourneyPlanebpac,journeyResource,journeyResourceObj,recStatus,recStatus
CoreJourneyPlanebpac,journeyResource,journeyResourceObj,SEQ_NO,iSeqNo
CoreJourneyPlanebpac,journeyResource,journeyResourceObj,JOURNEY_PLAN_NO,strJourneyPlanNo
CoreJourneyPlanebpac,journeyResource,journeyResourceObj,EMPLOYEE_CODE,strTrackerName
CoreJourneyPlanebpac,journeyResource,journeyResourceObj,select,select
CoreJourneyPlanebpac,manualplanDetails,manualplanDetailsObj,recStatus,recStatus
CoreJourneyPlanebpac,manualplanDetails,manualplanDetailsObj,INTRANSIT_LOCATION,strTransitLocation
CoreJourneyPlanebpac,manualplanDetails,manualplanDetailsObj,MOTEL,strMotel
CoreJourneyPlanebpac,manualplanDetails,manualplanDetailsObj,CALL_STATUS,strCallStatus
CoreJourneyPlanebpac,manualplanDetails,manualplanDetailsObj,SEQ_NO,iSeqNo
CoreJourneyPlanebpac,manualplanDetails,manualplanDetailsObj,PLANNED_ARRIVAL_DATE,dtPlannedArrivalDate
CoreJourneyPlanebpac,manualplanDetails,manualplanDetailsObj,PLANNED_ARRIVAL_TIME,tmPlannedArrivalTime
CoreJourneyPlanebpac,manualplanDetails,manualplanDetailsObj,ACTUAL_ARRIVAL_DATE,dtActualArrivalDate
CoreJourneyPlanebpac,manualplanDetails,manualplanDetailsObj,PLANNED_DEPARTURE_DATE,dtPlannedDepartureDate
CoreJourneyPlanebpac,manualplanDetails,manualplanDetailsObj,ACTUAL_DEPARTURE_DATE,dtActualDepartureDate
CoreJourneyPlanebpac,manualplanDetails,manualplanDetailsObj,PLANNED_DEPARTURE_TIME,tmPlannedDepartureTime
CoreJourneyPlanebpac,manualplanDetails,manualplanDetailsObj,ACTUAL_DEPARTURE_TIME,tmActualDepartureTime
CoreJourneyPlanebpac,manualplanDetails,manualplanDetailsObj,NEW_PLANNED_ARRIVAL_TIME,tmNewPlanArrivalTime
CoreJourneyPlanebpac,manualplanDetails,manualplanDetailsObj,NEW_PLANNED_ARRIVAL_DATE,dtNewPlanArrivalDate
CoreJourneyPlanebpac,manualplanDetails,manualplanDetailsObj,NEW_PLANNED_DEPARTURE_TIME,tmNewPlanDepartureTime
CoreJourneyPlanebpac,manualplanDetails,manualplanDetailsObj,NEW_PLANNED_DEPARTURE_DATE,dtNewPlanDepartureDate
CoreJourneyPlanebpac,manualplanDetails,manualplanDetailsObj,ACTUAL_ARRIVAL_TIME,tmActualArrivalTime
CoreJourneyPlanebpac,manualplanDetails,manualplanDetailsObj,ACTION_TYPE,strAction
CoreJourneyPlanebpac,manualplanDetails,manualplanDetailsObj,DELAY_REASON,strDelayReason
CoreJourneyPlanebpac,manualplanDetails,manualplanDetailsObj,CALLJM,strCallJMYes
CoreJourneyPlanebpac,DynMTLFetch,queryObj,COLUMN_NAME,columnName
CoreJourneyPlanebpac,DynMTLFetch,queryObj,OPERATOR,strOperator
CoreJourneyPlanebpac,DynMTLFetch,queryObj,CONTROL_ID,strControlid
CoreJourneyPlanebpac,DynMTLFetch,queryObj,DEFAULT_VALUE,strDefault
CoreJourneyPlanebpac,JMSLSRDTL,JMSLSRDTLObj,recStatus,recStatus
CoreJourneyPlanebpac,JMSLSRDTL,JMSLSRDTLObj,select,strSelect
CoreJourneyPlanebpac,JMSLSRDTL,JMSLSRDTLObj,LSR_TYPE,strLSRType
CoreJourneyPlanebpac,JMSLSRDTL,JMSLSRDTLObj,LSR_NOTES,strLSRNotes
CoreJourneyPlanebpac,JMSLSRDTL,JMSLSRDTLObj,FILE_NAME,strFileName
CoreJourneyPlanebpac,JMSLSRDTL,JMSLSRDTLObj,UPLOADDOCUMENT,strUploaddocument
CoreJourneyPlanebpac,JMSLSRDTL,JMSLSRDTLObj,LSR_CONFIRM_ACTION,strLSRConfirmAction
CoreJourneyPlanebpac,JMSLSRDTL,JMSLSRDTLObj,LSR_CONFIRM_REMARKS,strLSRConfirmRemarks
CoreJourneyPlanebpac,JMSLSRDTL,JMSLSRDTLObj,CON_FILE_NAME,strConFileName
CoreJourneyPlanebpac,JMSLSRDTL,JMSLSRDTLObj,CON_UPLOADDOCUMENT,strConUploaddocument
CoreJourneyPlanebpac,JMSLSRDTL,JMSLSRDTLObj,cueRowId,cueRowId
CoreJourneyPlanebpac,JMSLSRDTL,JMSLSRDTLObj,LSR_REVIEW_ACTION,strLSRReviewAction
CoreJourneyPlanebpac,JMSLSRDTL,JMSLSRDTLObj,LSR_REVIEW_REMARKS,strLSRReviewRemarks
CoreJourneyPlanebpac,JMSLSRDTL,JMSLSRDTLObj,REV_FILE_NAME,strRevFileName
CoreJourneyPlanebpac,JMSLSRDTL,JMSLSRDTLObj,REV_UPLOADDOCUMENT,strRevUploaddocument
CoreJourneyPlanebpac,JMSLSRDTL,JMSLSRDTLObj,LSR_APPROVAL_ACTION,strLSRAppAction
CoreJourneyPlanebpac,JMSLSRDTL,JMSLSRDTLObj,LSR_APPROVAL_REMARKS,strLSRAppRemarks
CoreJourneyPlanebpac,JMSLSRDTL,JMSLSRDTLObj,APP_FILE_NAME,strAppFileName
CoreJourneyPlanebpac,JMSLSRDTL,JMSLSRDTLObj,APP_UPLOADDOCUMENT,strAppUploaddocument
CoreEmployeeRosterService,RosterSetup,RosterSetupObj,recStatus,recStatus
CoreEmployeeRosterService,RosterSetup,RosterSetupObj,select,strSelect
CoreEmployeeRosterService,RosterSetup,RosterSetupObj,EMPLOYEE_NAME,strEmployeeCode
CoreEmployeeRosterService,RosterSetup,RosterSetupObj,EMPLOYEE_GROUP,strEmployeeGroup
CoreEmployeeRosterService,RosterSetup,RosterSetupObj,EMPLOYEE_ROLE,strEmployeeRole
CoreEmployeeRosterService,RosterSetup,RosterSetupObj,FROM_DATE,dtFromDate
CoreEmployeeRosterService,RosterSetup,RosterSetupObj,TO_DATE,dtToDate
CoreEmployeeRosterService,RosterSetup,RosterSetupObj,SHIFT_NAME,strNewShift
CoreTruckService,MTLProcess1,ivmsGridObj,IVMS_VENDOR_CODE,strIvmsVendor
CoreTruckService,MTLProcess1,ivmsGridObj,IVMS_BOXID,strIvmsBoxId
CoreTruckService,MTLProcess1,ivmsGridObj,EFFECTIVE_FROM,dtEffectiveFrom
CoreTruckService,MTLProcess1,ivmsGridObj,EFFECTIVE_TO,dtEffectiveTo
CoreTruckService,MTLProcess1,ivmsGridObj,recStatus,recStatus
CoreTruckService,MTLProcess1,ivmsGridObj,IVMS_SLNO,iIvmsSeqNo
CoreTruckService,MTLProcess2,truckDocGridObj,DOC_TYPE,strInsType
CoreTruckService,MTLProcess2,truckDocGridObj,DOC_NO,strInsNo
CoreTruckService,MTLProcess2,truckDocGridObj,ISSUED_BY,strIssuedBy
CoreTruckService,MTLProcess2,truckDocGridObj,INSPECTOR_NAME,strInspector
CoreTruckService,MTLProcess2,truckDocGridObj,EFFECTIVE_FROM,dtEffectiveFrom1
CoreTruckService,MTLProcess2,truckDocGridObj,EFFECTIVE_TO,dtEffectiveTo1
CoreTruckService,MTLProcess2,truckDocGridObj,recStatus,recStatus
CoreTruckService,MTLProcess2,truckDocGridObj,DOC_SLNO,iDocSno
CoreTruckService,MTLProcess2,truckDocGridObj,EXPIRTY_DT,dtExpiryDate
CoreTruckService,MTLProcess2,truckDocGridObj,FILE_NAME,strFileName
CoreTruckService,MTLProcess2,truckDocGridObj,ATTACHDOCUMENT,strAttachment
CoreTruckService,VehLocDtlCache,VehLocDtlCacheObj,LOC_CODE,strLocationCode
CoreTruckService,VehLocDtlCache,VehLocDtlCacheObj,LOC_NAME,strLocationName
CoreTruckService,VehLocDtlCache,VehLocDtlCacheObj,REGION,strRegion
CoreTruckService,VehLocDtlCache,VehLocDtlCacheObj,recStatus,recStatus
CoreTruckService,tyreDetailsDtl,tyreDetailsDtlObj,recStatus,recStatus
CoreTruckService,tyreDetailsDtl,tyreDetailsDtlObj,FIELD_NAME,strFieldName
CoreTruckService,tyreDetailsDtl,tyreDetailsDtlObj,VALUE_CODE,strValueCode
CoreTruckService,tyreDetailsDtl,tyreDetailsDtlObj,RFID,strRFID
CoreDriveService,MTLProcess,driverMappingObj,DOC_TYPE,strDocumentType
CoreDriveService,MTLProcess,driverMappingObj,DOC_NO,strDocumentNo
CoreDriveService,MTLProcess,driverMappingObj,ISSUE_DT,dtIssueDate
CoreDriveService,MTLProcess,driverMappingObj,EXPIRY_DT,dtExpiryDate
CoreDriveService,MTLProcess,driverMappingObj,EFFECTIVE_FROM,dtEffectiveFrom
CoreDriveService,MTLProcess,driverMappingObj,EFFECTIVE_TO,dtEffectiveTo
CoreDriveService,MTLProcess,driverMappingObj,recStatus,recStatus
CoreDriveService,MTLProcess,driverMappingObj,DOC_SLNO,iSeqNo
CoreDriveService,MTLProcess,driverMappingObj,ATTACH_DOCUMENT,strAttachDoc
CoreDriveService,MTLProcess,driverMappingObj,FILE_NAME,strFileName
CoreDriveService,MTLProcess_Licence,licenceMappingObj,TRUCK_CATEGORY,strTruckCategory
CoreDriveService,MTLProcess_Licence,licenceMappingObj,LICENCE_NO,strLicenceNumber
CoreDriveService,MTLProcess_Licence,licenceMappingObj,ISSUE_DT,dtIssueDate
CoreDriveService,MTLProcess_Licence,licenceMappingObj,EFFECTIVE_FROM,dtEffectiveFrom
CoreDriveService,MTLProcess_Licence,licenceMappingObj,EFFECTIVE_TO,dtEffectiveTo
CoreDriveService,MTLProcess_Licence,licenceMappingObj,recStatus,recStatus
CoreDriveService,MTLProcess_Licence,licenceMappingObj,DOC_SLNO,iSeqNo
CoreDriveService,MTLProcess_Licence,licenceMappingObj,ATTACH_DOCUMENT_LICENCE,strAttachDocLicence
CoreConsequencemanagement,vioDtl,vioDtlObj,recStatus,recStatus
CoreConsequencemanagement,vioDtl,vioDtlObj,DRI_CODE,strDriverCode
CoreConsequencemanagement,vioDtl,vioDtlObj,DRI_NAME,strDriverName
CoreConsequencemanagement,vioDtl,vioDtlObj,JP_NO,strJourneyPlanNo
CoreConsequencemanagement,vioDtl,vioDtlObj,select,strSelect
CoreConsequencemanagement,vioDtl,vioDtlObj,CON_FOR,strConseqFor
CoreConsequencemanagement,vioDtl,vioDtlObj,ACT_TAKN,strAction
CoreConsequencemanagement,vioDtl,vioDtlObj,INCIDENT_NO,strIncidentNo
CoreConsequencemanagement,vioDtl,vioDtlObj,LETTER_ISSUE,strIssue
CoreConsequencemanagement,vioDtl,vioDtlObj,REMARK,strRemark
CoreTrailerService,MTLProcess1,ivmsGridObj,IVMS_VENDOR_CODE,strIvmsVendor
CoreTrailerService,MTLProcess1,ivmsGridObj,IVMS_BOXID,strIvmsBoxId
CoreTrailerService,MTLProcess1,ivmsGridObj,EFFECTIVE_FROM,dtEffectiveFrom
CoreTrailerService,MTLProcess1,ivmsGridObj,EFFECTIVE_TO,dtEffectiveTo
CoreTrailerService,MTLProcess1,ivmsGridObj,recStatus,recStatus
CoreTrailerService,MTLProcess1,ivmsGridObj,IVMS_SLNO,iIvmsSeqNo
CoreTrailerService,MTLProcess2,truckDocGridObj,DOC_TYPE,strInsType
CoreTrailerService,MTLProcess2,truckDocGridObj,DOC_NO,strInsNo
CoreTrailerService,MTLProcess2,truckDocGridObj,ISSUED_BY,strIssuedBy
CoreTrailerService,MTLProcess2,truckDocGridObj,INSPECTOR_NAME,strInspector
CoreTrailerService,MTLProcess2,truckDocGridObj,EFFECTIVE_FROM,dtEffectiveFrom1
CoreTrailerService,MTLProcess2,truckDocGridObj,EFFECTIVE_TO,dtEffectiveTo1
CoreTrailerService,MTLProcess2,truckDocGridObj,recStatus,recStatus
CoreTrailerService,MTLProcess2,truckDocGridObj,DOC_SLNO,iDocSno
CoreTrailerService,MTLProcess2,truckDocGridObj,EXPIRTY_DT,dtExpiryDate
CoreTrailerService,MTLProcess2,truckDocGridObj,FILE_NAME,strFileName
CoreTrailerService,MTLProcess2,truckDocGridObj,ATTACHDOCUMENT,strAttachment
coreProcessService,MTLProcess,processDtlObj,STEP_SEQUENCE,strStepSequence
coreProcessService,MTLProcess,processDtlObj,STEP_CODE,strStepCode
coreProcessService,MTLProcess,processDtlObj,STEP_NAME,strStepName
coreProcessService,MTLProcess,processDtlObj,JOURNEY_ALLOWED,strJourneyAllowed
coreProcessService,MTLProcess,processDtlObj,recStatus,recStatus
CoreChecklistService,CheckListMap,checkListMapObj,CHKLST_DTL_DESC,strChkLstDtlDesc
CoreChecklistService,CheckListMap,checkListMapObj,OPTION_DESCCSV,strOptionDescCsv
CoreChecklistService,CheckListMap,checkListMapObj,WEIGHTAGECSV,iWeightageCsv
CoreChecklistService,CheckListMap,checkListMapObj,recStatus,recStatus
CoreChecklistService,CheckListMap,checkListMapObj,CHKLST_DTL_SEQ_NO,iChkLstDtlSeqNo
CoreChecklistService,CheckListMap,checkListMapObj,TRUCK_CATEGORY,strTruckCategory
CoreChecklistService,CheckListMap,checkListMapObj,POSITIVE_OPTION,strPositiveOption
CoreChecklistService,CheckListMap,checkListMapObj,ROUTE_CATEGORY,strRouteCategory
CoreChecklistService,CheckListMap,checkListMapObj,GROUPVAL,strGroupName
CoreChecklistService,CheckListEntity,checkListEntityObj,recStatus,recStatus
CoreChecklistService,CheckListEntity,checkListEntityObj,CHK_LIST_CODE,strChkListCode
CoreChecklistService,CheckListEntity,checkListEntityObj,CHK_LIST_NAME,strChkListName
CoreChecklistService,ebPAC,checkListMapObj,CHKLST_DTL_SEQ_NO,iChkLstDtlSeqNo
CoreChecklistService,ebPAC,checkListMapObj,CHKLST_DTL_DESC,strChkLstDtlDesc
CoreChecklistService,ebPAC,checkListMapObj,OPTION_DESCCSV,strOptionDescCsv
CoreChecklistService,ebPAC,checkListMapObj,WEIGHTAGECSV,iWeightageCsv
CoreChecklistService,ebPAC,checkListMapObj,recStatus,recStatus
CoreChecklistService,approvalParameter,approvalParameterObj,recStatus,recStatus
CoreChecklistService,approvalParameter,approvalParameterObj,NIGHT_DRIVE,strNightDrive
CoreChecklistService,approvalParameter,approvalParameterObj,CATEGORY,strCategoryRisk
CoreChecklistService,approvalParameter,approvalParameterObj,LEVEL_SEQ,iLevelSeq
CoreChecklistService,approvalParameter,approvalParameterObj,LEVEL_STATUS,strLevelStatus
CoreChecklistService,approvalParameter,approvalParameterObj,APPROVER,strApprover
CoreChecklistService,journeyAssessmentMapping,journeyAssessmentMappingObj,recStatus,recStatus
CoreChecklistService,journeyAssessmentMapping,journeyAssessmentMappingObj,RANGE_FROM,iRangeFrom
CoreChecklistService,journeyAssessmentMapping,journeyAssessmentMappingObj,RANGE_TO,iRangeTo
CoreChecklistService,journeyAssessmentMapping,journeyAssessmentMappingObj,CATEGORY,strCategory
CoreEmployeeService,mappedGrid,mappedGridObj,recStatus,recStatus
CoreEmployeeService,mappedGrid,mappedGridObj,select,strSelect
CoreEmployeeService,mappedGrid,mappedGridObj,GROUP_CODE,strGroupCode
CoreEmployeeService,mappedGrid,mappedGridObj,CODE,strEmployeeCode
CoreEmployeeService,employeeMap,employeeMapObj,recStatus,recStatus
CoreEmployeeService,employeeMap,employeeMapObj,select,strSelect
CoreEmployeeService,employeeMap,employeeMapObj,ROLE_NAME,strRoleName
CoreEmployeeService,employeeMap,employeeMapObj,DEFAULT,strDefault
CoreVehicleRequest,VehicleDetails,inspectionCache,recStatus,recStatus
CoreVehicleRequest,VehicleDetails,inspectionCache,VEHICLE_REQUEST_NO,strVehicleRequestNo
CoreVehicleRequest,VehicleDetails,inspectionCache,STARTING_POINT,strStartingPoint
CoreVehicleRequest,VehicleDetails,inspectionCache,REQUIRED_DATE_TIME,dtRequiredDateTime
CoreVehicleRequest,VehicleDetails,inspectionCache,VEHICLE_CATEGORY,strVehicleCategory
CoreVehicleRequest,VehicleDetails,inspectionCache,NO_OF_VEHICLES,iNumberofVehicles
CoreVehicleRequest,VehicleDetails,inspectionCache,REQUIRED_TIME,strRequiredTime
CoreVehicleRequest,ReferenceDetails,inspectionCache1,recStatus,recStatus
CoreVehicleRequest,ReferenceDetails,inspectionCache1,VEHICLE_REQUEST_NO,strVehicleRequestNo
CoreVehicleRequest,ReferenceDetails,inspectionCache1,REFERNECE_DOCUMENT_TYPE,strReferenceDocType
CoreVehicleRequest,ReferenceDetails,inspectionCache1,REFERENCE_DOCUMENT_NO,strReferenceDocNo
CoreVehicleRequest,ReferenceDetails,inspectionCache1,REMARKS,strRemarks
CoreRouteAttributeService,MTLProcess,routeAttributeDtlObj,recStatus,recStatus
CoreRouteAttributeService,MTLProcess,routeAttributeDtlObj,ROUTE_LEG,strRouteLeg
CoreRouteAttributeService,MTLProcess,routeAttributeDtlObj,DISTANCE,iDistance
CoreRouteAttributeService,MTLProcess,routeAttributeDtlObj,CONSTRAINT_CODE,strConstraint
CoreRouteAttributeService,MTLProcess,routeAttributeDtlObj,SPEED,iSpeed
CoreRouteAttributeService,ebPAC,routeDtlObj,ROUTE_DTL_SEQ_NO,iSeqNo
CoreRouteAttributeService,ebPAC,routeDtlObj,INTRANSIT_ORIGIN,tempOrigin
CoreRouteAttributeService,ebPAC,routeDtlObj,INTRANSIT_DEST,tempDestination
CoreRouteAttributeService,ebPAC,routeDtlObj,ROUTE_DTL_SEQ_NO,iSeqNo
CoreRouteAttributeService,ebPAC,routeDtlObj,INTRANSIT_ORIGIN,strIntransitOrigin
CoreRouteAttributeService,ebPAC,routeDtlObj,INTRANSIT_DEST,strIntransitDestination
CoreNumberingService,MTLProcess,numberingTypeMasterObj,recStatus,recStatus
CoreNumberingService,MTLProcess,numberingTypeMasterObj,SEQUENCE,iSequence
CoreNumberingService,MTLProcess,numberingTypeMasterObj,ELEMENT,strElement
CoreNumberingService,MTLProcess,numberingTypeMasterObj,DATA,strData
CoreNumberingService,MTLProcess,numberingTypeMasterObj,VALUE,strValue
CoreNumberingService,MTLProcess,numberingTypeMasterObj,LENGTH,iLength
CoreNumberingService,MTLProcess,numberingTypeMasterObj,TYPE,strType
CoreNumberingService,MTLProcess,numberingTypeMasterObj,SEPARATOR,strSeparator
CoreReportService,truckList,helpOntruckGridFieldObj,TRUCK_CODE,strTruckCode
CoreReportService,truckList,helpOntruckGridFieldObj,recStatus,recStatus
CoreReportService,truckList,helpOntruckGridFieldObj,select,strSelect
CoreReportService,LoadHelpGrid,loadListSummaryObj,LOAD_NO,strLoadNo
CoreReportService,LoadHelpGrid,loadListSummaryObj,recStatus,recStatus
CoreReportService,LoadHelpGrid,loadListSummaryObj,select,strSelect
CoreTruckSchedule,matMTL,trkscheduleObj,recStatus,recStatus
CoreTruckSchedule,matMTL,trkscheduleObj,SCHDATE,dtSchDate
CoreTruckSchedule,matMTL,trkscheduleObj,SCHTIME,dtSchTime
CoreTruckSchedule,matMTL,trkscheduleObj,TRUCK_CATEGORY,strTruckCategory
CoreTruckSchedule,matMTL,trkscheduleObj,FROM_LOCATION,strFrmLocation
CoreTruckSchedule,matMTL,trkscheduleObj,TO_LOCATION,strToLocation
CoreTruckSchedule,matMTL,trkscheduleObj,NO_OF_VEHICLES,ino_of_veh
CoreCalendarExceptionService,MTLProcess,calenderExceptionObj,recStatus,recStatus
CoreCalendarExceptionService,MTLProcess,calenderExceptionObj,DATES,dtcalendarDate
CoreCalendarExceptionService,MTLProcess,calenderExceptionObj,STATUS,strStatus
CoreCalendarExceptionService,MTLProcess,calenderExceptionObj,DAY,strDay
CoreInspectionService,MTLProcess,inspectionMstrDtlObj,recStatus,recStatus
CoreInspectionService,MTLProcess,inspectionMstrDtlObj,REFERENCE_TYPE,strReferenceType
CoreInspectionService,MTLProcess,inspectionMstrDtlObj,REMARKS,strRemarks
CoreInspectionService,MTLProcess,inspectionMstrDtlObj,REFERENCE_NO,strReferenceNo
CoreInspectionService,MTLProcess,inspectionMstrDtlObj,IMAGES,strImages
CoreInspectionService,InsCheckList,inspectionCheckListObj,recStatus,recStatus
CoreInspectionService,InsCheckList,inspectionCheckListObj,CHK_LIST_CODE,strCheckListCode
CoreInspectionService,InsCheckList,inspectionCheckListObj,CHKLST_DTL_SEQ_NO,iSeqNo
CoreInspectionService,InsCheckList,inspectionCheckListObj,ANSWER,strAnswer
CoreInspectionService,InsCheckList,inspectionCheckListObj,IMAGES,strImages
CoreInspectionService,InsCheckList,inspectionCheckListObj,ANSWER_NXT,strAnswerNxt
CoreInspectionService,InsCheckList,inspectionCheckListObj,ANSWER_LST,strAnswerLst
CoreInspectionService,InsCheckList,inspectionCheckListObj,CHKLST_DTL_SEQ_NO_NXT,iSeqNoNxt
CoreInspectionService,InsCheckList,inspectionCheckListObj,CHKLST_DTL_SEQ_NO_LST,iSeqNoLst
CoreInspectionService,InsCheckList,inspectionCheckListObj,IMAGES_NXT,strImagesNxt
CoreInspectionService,InsCheckList,inspectionCheckListObj,IMAGES_LST,strImagesLst
CoreInspectionService,assignInspectorGrid,assignInspectorObj,recStatus,recStatus
CoreInspectionService,assignInspectorGrid,assignInspectorObj,select,select
CoreInspectionService,assignInspectorGrid,assignInspectorObj,INSPECTION_DATE,dtInspectionDate
CoreInspectionService,assignInspectorGrid,assignInspectorObj,INSPECTION_TIME,iInspectionTime
CoreInspectionService,assignInspectorGrid,assignInspectorObj,TRUCK_CODE,strTruckCode
CoreInspectionService,assignInspectorGrid,assignInspectorObj,TRUCK_DESC,strTruckDesc
CoreInspectionService,assignInspectorGrid,assignInspectorObj,DRIVER_CODE,strDriverCode
CoreInspectionService,assignInspectorGrid,assignInspectorObj,DRIVER_NAME,strDriverName
CoreInspectionService,assignInspectorGrid,assignInspectorObj,INSPECTION_NO,strInspectionNo
CoreInspectionService,assignInspectorGrid,assignInspectorObj,INSPECTOR_NAME,strInspectorName
CoreInspectionService,assignInspectorGrid,assignInspectorObj,WAYBILL_NO,strWaybillNo
CoreInspectionService,assignInspectorGrid,assignInspectorObj,INSPECTION_STATUS,strInspectionStatus
CoreInspectionService,assignInspectorGrid,assignInspectorObj,VEHICLE_CATEGORY,strVehicleCategory
CoreInspectionService,CheckLoadList,checkLoadListObj,recStatus,recStatus
CoreInspectionService,CheckLoadList,checkLoadListObj,CHK_LIST_CODE,strCheckListCode
CoreInspectionService,CheckLoadList,checkLoadListObj,CHKLST_DTL_SEQ_NO,iChkLstDtlSeqNo
CoreInspectionService,CheckLoadList,checkLoadListObj,CHKLST_DTL_DESC,strCheckListDesc
CoreInspectionService,CheckLoadList,checkLoadListObj,OPTION_DESCCSV,strOptionDescCsv
CoreInspectionService,CheckLoadList,checkLoadListObj,ANSWER,strAnswer
CoreInspectionService,CheckLoadList,checkLoadListObj,IMAGES,strImages
CoreInspectionService,CheckLoadList,checkLoadListObj,ANSWER_NXT,strAnswerNxt
CoreInspectionService,CheckLoadList,checkLoadListObj,ANSWER_LST,strAnswerLst
CoreInspectionService,CheckLoadList,checkLoadListObj,CHKLST_DTL_SEQ_NO_LST,iSeqNoLst
CoreInspectionService,CheckLoadList,checkLoadListObj,CHKLST_DTL_SEQ_NO_NXT,iSeqNoNxt
CoreInspectionService,CheckLoadList,checkLoadListObj,IMAGES_NXT,strImagesNxt
CoreInspectionService,CheckLoadList,checkLoadListObj,IMAGES_LST,strImagesLst
CoreInspectionService,MTLProcessChekList,newCheckListGridObj,recStatus,recStatus
CoreInspectionService,MTLProcessChekList,newCheckListGridObj,CHK_LIST_CODE,strCheckListCode
CoreInspectionService,MTLProcessChekList,newCheckListGridObj,CHKLST_DTL_SEQ_NO,iSeqNo
CoreInspectionService,MTLProcessChekList,newCheckListGridObj,ANSWER,strAnswer
CoreInspectionService,MTLProcessChekList,newCheckListGridObj,ANSWER_NXT,strAnswerNxt
CoreInspectionService,MTLProcessChekList,newCheckListGridObj,ANSWER_LST,strAnswerLst
CoreInspectionService,MTLProcessChekList,newCheckListGridObj,CHKLST_DTL_SEQ_NO_NXT,iSeqNoNxt
CoreInspectionService,MTLProcessChekList,newCheckListGridObj,CHKLST_DTL_SEQ_NO_LST,iSeqNoLst
CoreInspectionService,MTLProcessChekList,newCheckListGridObj,IMAGES,strImages
CoreInspectionService,MTLProcessChekList,newCheckListGridObj,IMAGES_NXT,strImagesNxt
CoreInspectionService,MTLProcessChekList,newCheckListGridObj,IMAGES_LST,strImagesLst
CoreInspectionService,MTLProcessMobile,AcknowledgeObj,INSPECTION_NO,strInspectionNo
CoreInspectionService,MTLProcessMobile,AcknowledgeObj,INSPECTION_TYPE,strInspectionType
CoreShiftService,shiftDtlCache,shiftDtlCacheObj,recStatus,recStatus
CoreShiftService,shiftDtlCache,shiftDtlCacheObj,select,strSelect
CoreShiftService,shiftDtlCache,shiftDtlCacheObj,SHIFT_NAME,strShiftName
CoreShiftService,shiftDtlCache,shiftDtlCacheObj,START_TIME,strStartTime
CoreShiftService,shiftDtlCache,shiftDtlCacheObj,END_TIME,strEndTime
CoreTypeMasterService,MTLProcess,typeDtlObj,recStatus,recStatus
CoreTypeMasterService,MTLProcess,typeDtlObj,TYPE_CODE,strCategoryCode
CoreTypeMasterService,MTLProcess,typeDtlObj,TYPE_DESC,strCategoryDesc
CoreTypeMasterService,MTLProcess,typeDtlObj,TYPE_SEQ_NO,iSeqNo
CoreTypeMasterService,MTLProcess,typeDtlObj,TYPE_DEFAULT,strDefault
CoreTypeMasterService,MTLProcess,typeDtlObj,TYPE_STATUS,strStatus
CoreConsignment,materialDetails,materialDetailsObj,recStatus,recStatus
CoreConsignment,materialDetails,materialDetailsObj,LINE_NO,iCustReqLineNo
CoreConsignment,materialDetails,materialDetailsObj,ITEM_CODE,strItemCode
CoreConsignment,materialDetails,materialDetailsObj,ITEM_DESCRIPTION,strItemDesc
CoreConsignment,materialDetails,materialDetailsObj,WEIGHT,strWeight
CoreConsignment,materialDetails,materialDetailsObj,VOLUME,strVolume
CoreConsignment,materialDetails,materialDetailsObj,NO_OF_PCKGS,iTotPackages
CoreConsignment,materialDetails,materialDetailsObj,NO_OF_PCKGES,iNoOfPcks
CoreConsignment,materialDetails,materialDetailsObj,REM_PACKAGES,iRemPackages
CoreConsignment,materialDetails,materialDetailsObj,CUST_REQ_NO,strCustomerReqNo
CoreConstraintService,constraintMstrDtlCache,constraintMstrDtlCacheObj,recStatus,recStatus
CoreConstraintService,constraintMstrDtlCache,constraintMstrDtlCacheObj,select,strSelect
CoreConstraintService,constraintMstrDtlCache,constraintMstrDtlCacheObj,FROM_TIME,strFromTime
CoreConstraintService,constraintMstrDtlCache,constraintMstrDtlCacheObj,TO_TIME,strToTime
CoreConstraintService,constraintMstrDtlCache,constraintMstrDtlCacheObj,REST,strRest
CoreConstraintService,constraintMstrDtlCache,constraintMstrDtlCacheObj,DRIVING_TIME,iDrivingTime
CoreConstraintService,constraintMstrDtlCache,constraintMstrDtlCacheObj,REST_TIME,iRestTime
CoreConstraintService,constraintMstrDtlCache,constraintMstrDtlCacheObj,SEQ_NO,iSeqNo
CoreConstraintService,calenderContraint,calenderContraintObj,recStatus,recStatus
CoreConstraintService,calenderContraint,calenderContraintObj,CONSTRAINT_CODE,strConstraintCode
CoreConstraintService,calenderContraint,calenderContraintObj,CONSTRAINT_DESC,strConstraintDesc
CoreConstraintService,calenderContraint,calenderContraintObj,CALENDAR_CODE,strCalenderCode
CoreConstraintService,routeConstraint,routeConstraintObj,recStatus,recStatus
CoreConstraintService,routeConstraint,routeConstraintObj,select,strSelect
CoreConstraintService,routeConstraint,routeConstraintObj,SEQUENCE_NO,iSeqNo
CoreConstraintService,routeConstraint,routeConstraintObj,ROUTE_CODE,strRouteCode
CoreCarrierContract,scopeMTL,scopeGridObj,recStatus,recStatus
CoreCarrierContract,scopeMTL,scopeGridObj,SCOPE_CATEGORY,strScopeCategory
CoreCarrierContract,scopeMTL,scopeGridObj,SCOPE_DESC,strScopeDescription
CoreCarrierContract,scopeMTL,scopeGridObj,REMARKS,strRemarks
CoreCarrierContract,tariffMTL,tariffGridObj,recStatus,recStatus
CoreCarrierContract,tariffMTL,tariffGridObj,SCOPE_CATEGORY,strScopeCategory
CoreCarrierContract,tariffMTL,tariffGridObj,SCOPE_DESC,strScopeDescription
CoreCarrierContract,tariffMTL,tariffGridObj,REMARKS,strRemarks
CoreCarrierContract,tariffMTL,tariffGridObj,CAR_CONT_NO,strContractNo
CoreCarrierContract,tariffMTL,tariffGridObj,ORIGIN,strOrigin
CoreCarrierContract,tariffMTL,tariffGridObj,DESTINATION,strDestination
CoreCarrierContract,tariffMTL,tariffGridObj,VEHICLE_CATEGORY,strVehicleCategory
CoreCarrierContract,tariffMTL,tariffGridObj,TRAN_MODE,strTranMode
CoreCarrierContract,tariffMTL,tariffGridObj,PRICE_BASIS,strPriceBasis
CoreCarrierContract,tariffMTL,tariffGridObj,PRICE,iPrice
CoreCarrierContract,tariffMTL,tariffGridObj,SLAB_FROM_VALUE,iSlabFromValue
CoreCarrierContract,tariffMTL,tariffGridObj,SLAB_TO_VALUE,iSlabToValue
CoreCarrierContract,tariffMTL,tariffGridObj,SLAB_BASIS,strSlabBasis
CoreCarrierContract,tariffMTL,tariffGridObj,REMARKS,strRemarks
CoreCarrierContract,tariffMTL,tariffGridObj,AMENDMENT_NO,iAmendmentNo
TARCoreTariffServiceTS,MTLProcess,geoAreasObj,recStatus,recStatus
TARCoreTariffServiceTS,MTLProcess,geoAreasObj,select,strSelect
TARCoreTariffServiceTS,MTLProcess,geoAreasObj,ZIP_CODE,strZipCode
TARCoreTariffServiceTS,MTLProcess,geoAreasObj,CITY,strCity
TARCoreTariffServiceTS,MTLProcess,geoAreasObj,STATE,strState
TARCoreTariffServiceTS,ExclusionGrid,excGridObj,recStatus,recStatus
TARCoreTariffServiceTS,ExclusionGrid,excGridObj,select,strSelect
TARCoreTariffServiceTS,ExclusionGrid,excGridObj,ZIP_CODE,strZipCode
TARCoreTariffServiceTS,ExclusionGrid,excGridObj,CITY,strCity
TARCoreTariffServiceTS,ExclusionGrid,excGridObj,STATE,strState
TARCoreTariffServiceTS,SERLANE,laneMapGridObj,recStatus,recStatus
TARCoreTariffServiceTS,SERLANE,laneMapGridObj,select,strSelect
TARCoreTariffServiceTS,SERLANE,laneMapGridObj,LANE_CODE,strLaneCode
TARCoreTariffServiceTS,SERLANE,laneMapGridObj,REGION_FROM,strRegFrom
TARCoreTariffServiceTS,SERLANE,laneMapGridObj,REGION_TO,strRegTo
TARCoreTariffServiceTS,SERCHG,chargeMapGridObj,recStatus,recStatus
TARCoreTariffServiceTS,SERCHG,chargeMapGridObj,select,strSelect
TARCoreTariffServiceTS,SERCHG,chargeMapGridObj,CHARGE_CODE,strChargeCode
TARCoreTariffServiceTS,TARSER,tarserMapGridObj,recStatus,recStatus
TARCoreTariffServiceTS,TARSER,tarserMapGridObj,select,strSelect
TARCoreTariffServiceTS,TARSER,tarserMapGridObj,SERVICE_ITEM,strServiceItem
TARCoreTariffServiceTS,TARSER,tarserMapGridObj,SERVICE_ITEM_DESC,strServiceItemDesc
TARCoreTariffServiceTS,TARSER,tarserMapGridObj,LINE_NO,iSerLineNo
TARCoreTariffServiceTS,SERVCHG,serchgMapGridObj,recStatus,recStatus
TARCoreTariffServiceTS,SERVCHG,serchgMapGridObj,select,strSelect
TARCoreTariffServiceTS,SERVCHG,serchgMapGridObj,SERVICE_ITEM,strServiceItem
TARCoreTariffServiceTS,SERVCHG,serchgMapGridObj,SERVICE_ITEM_DESC,strServiceItemDesc
TARCoreTariffServiceTS,SERVCHG,serchgMapGridObj,CHARGE_CODE,strChargeCode
TARCoreTariffServiceTS,SERVCHG,serchgMapGridObj,LANE_CODE,strLaneCode
TARCoreTariffServiceTS,SERVCHG,serchgMapGridObj,LANE_DESC,strLaneDesc
TARCoreTariffServiceTS,SERVCHG,serchgMapGridObj,CHARGE_DESC,strChargeDesc
TARCoreTariffServiceTS,SERVCHG,serchgMapGridObj,CHARGE_BASIS,strChargeBasis
TARCoreTariffServiceTS,SERVCHG,serchgMapGridObj,RATE,iRate
TARCoreTariffServiceTS,SERVCHG,serchgMapGridObj,MIN_AMT,iMinAmt
TARCoreTariffServiceTS,SERVCHG,serchgMapGridObj,MAX_AMT,iMaxAmt
TARCoreTariffServiceTS,SERVCHG,serchgMapGridObj,CHG_LINE_NO,iChgLineNo
TARCoreTariffServiceTS,SERVCHG,serchgMapGridObj,RNG_LINE_NO,iRngLineNo
TARCoreTariffServiceTS,SERVCHG,serchgMapGridObj,HDR_CHARGE_CODE,strGrdChargeCode
TARCoreTariffServiceTS,SERVCHG,serchgMapGridObj,RANGE_FROM,strGrdRangeFrom
TARCoreTariffServiceTS,SERVCHG,serchgMapGridObj,RANGE_TO,strGrdRangeTo
TARCoreTariffServiceTS,SERVCHG,serchgMapGridObj,SEQ_NO,strGrdSeqNo
TARCoreTariffServiceTS,CHGRNG,chgrngMapGridObj,recStatus,recStatus
TARCoreTariffServiceTS,CHGRNG,chgrngMapGridObj,select,strSelect
TARCoreTariffServiceTS,CHGRNG,chgrngMapGridObj,SERVICE_ITEM,strServiceItem
TARCoreTariffServiceTS,CHGRNG,chgrngMapGridObj,SERVICE_ITEM_DESC,strServiceItemDesc
TARCoreTariffServiceTS,CHGRNG,chgrngMapGridObj,CHARGE_CODE,strChargeCode
TARCoreTariffServiceTS,CHGRNG,chgrngMapGridObj,LANE_CODE,strLaneCode
TARCoreTariffServiceTS,CHGRNG,chgrngMapGridObj,LANE_DESC,strLaneDesc
TARCoreTariffServiceTS,CHGRNG,chgrngMapGridObj,CHARGE_DESC,strChargeDesc
TARCoreTariffServiceTS,CHGRNG,chgrngMapGridObj,CHARGE_BASIS,strChargeBasis
TARCoreTariffServiceTS,CHGRNG,chgrngMapGridObj,RATE,iRate
TARCoreTariffServiceTS,CHGRNG,chgrngMapGridObj,MIN_AMT,iMinAmt
TARCoreTariffServiceTS,CHGRNG,chgrngMapGridObj,MAX_AMT,iMaxAmt
TARCoreTariffServiceTS,CHGRNG,chgrngMapGridObj,CHG_LINE_NO,iChgLineNo
TARCoreTariffServiceTS,CHGRNG,chgrngMapGridObj,RNG_LINE_NO,iRngLineNo
TARCoreTariffServiceTS,CHGRNG,chgrngMapGridObj,RANGE_FROM,iRangeFrom
TARCoreTariffServiceTS,CHGRNG,chgrngMapGridObj,RANGE_TO,iRangeTo
TARCoreTariffServiceTS,chargeCodes,chargeCodesObj,recStatus,recStatus
TARCoreTariffServiceTS,chargeCodes,chargeCodesObj,select,strSelect
TARCoreTariffServiceTS,chargeCodes,chargeCodesObj,PAR_CHARGE_CODE,strParChargeCode
TARCoreTariffServiceTS,chargeCodes,chargeCodesObj,PERCENTAGE,iPercent
TARCoreTariffServiceTS,chargeCodes,chargeCodesObj,CHARGE_DESC,strChargeDesc
TARCoreTariffServiceTS,chargeRange,chargeRangeObj,recStatus,recStatus
TARCoreTariffServiceTS,chargeRange,chargeRangeObj,select,strSelect
TARCoreTariffServiceTS,chargeRange,chargeRangeObj,RANGE_FROM,iRangeFrom
TARCoreTariffServiceTS,chargeRange,chargeRangeObj,RANGE_TO,iRangeTo
TARCoreTariffServiceTS,chargeRange,chargeRangeObj,RANGE_BASIS,strRangeBasis
TARCoreTariffServiceTS,carrierMTL,chargeRangeObj,recStatus,recStatus
TARCoreTariffServiceTS,carrierMTL,chargeRangeObj,select,strSelect
TARCoreTariffServiceTS,carrierMTL,chargeRangeObj,RANGE_FROM,iRangeFrom
TARCoreTariffServiceTS,carrierMTL,chargeRangeObj,RANGE_TO,iRangeTo
TARCoreTariffServiceTS,carrierMTL,chargeRangeObj,RANGE_BASIS,strRangeBasis
TARCoreTariffServiceTS,carrierGridObj,carrierGridObj,recStatus,recStatus
TARCoreTariffServiceTS,carrierGridObj,carrierGridObj,CARRIER_CONTRACT_NO,strCarrierContractNo
TARCoreTariffServiceTS,carrierGridObj,carrierGridObj,CARRIER_CODE,strCarrierCode
TARCoreTariffServiceTS,scopeGridObj,scopeGridObj,recStatus,recStatus
TARCoreTariffServiceTS,scopeGridObj,scopeGridObj,SCOPE_CATEGORY,strScopeCategory
TARCoreTariffServiceTS,scopeGridObj,scopeGridObj,SCOPE_DESC,strScopeDescription
TARCoreTariffServiceTS,scopeGridObj,scopeGridObj,REMARKS,strRemarks
TARCoreTariffServiceTS,scopeGridObj,scopeGridObj,ATTACH_DOCUMENT,strAttachDocument
TARCoreTariffServiceTS,tariffGridObj,tariffGridObj,recStatus,recStatus
TARCoreTariffServiceTS,tariffGridObj,tariffGridObj,select,strSelect
TARCoreTariffServiceTS,tariffGridObj,tariffGridObj,TARIFF_CODE,strTariffCode
TARCoreTariffServiceTS,distanceBulk,distanceBulkObj,recStatus,recStatus
TARCoreTariffServiceTS,distanceBulk,distanceBulkObj,select,strSelect
TARCoreTariffServiceTS,distanceBulk,distanceBulkObj,FROM_LOC,strFromLoc
TARCoreTariffServiceTS,distanceBulk,distanceBulkObj,TO_LOC,strToLoc
TARCoreTariffServiceTS,distanceBulk,distanceBulkObj,DIST,strDistance
TARCoreTariffServiceTS,distanceBulk,distanceBulkObj,ACTIVEYN,strStatus
TARCoreTariffServiceTS,LaneDtl,LaneDtlObj,recStatus,recStatus
TARCoreTariffServiceTS,LaneDtl,LaneDtlObj,select,strSelect
TARCoreTariffServiceTS,LaneDtl,LaneDtlObj,STD_LANE,StrStdLane
TARCoreTariffServiceTS,LaneDtl,LaneDtlObj,SEQ_NO,iSeqno
TARCoreTariffServiceTS,ChargeDescDtl,ChargeDescDtlObj,recStatus,recStatus
TARCoreTariffServiceTS,ChargeDescDtl,ChargeDescDtlObj,select,strSelect
TARCoreTariffServiceTS,ChargeDescDtl,ChargeDescDtlObj,CHARGE_BASIS,strChargeBasis
TARCoreTariffServiceTS,ChargeDescDtl,ChargeDescDtlObj,RATE,iRate
TARCoreTariffServiceTS,ChargeDescDtl,ChargeDescDtlObj,MIN_AMT,iMinAmt
TARCoreTariffServiceTS,ChargeDescDtl,ChargeDescDtlObj,MAX_AMT,iMaxAmt
TARCoreTariffServiceTS,ChargeDescDtl,ChargeDescDtlObj,CHG_LINE_NO,iChgLineNo
TARCoreTariffServiceTS,ChargeDescDtl,ChargeDescDtlObj,RNG_LINE_NO,iRngLineNo
TARCoreTariffServiceTS,ChargeDescDtl,ChargeDescDtlObj,HDR_CHARGE_CODE,strGrdChargeCode
TARCoreTariffServiceTS,ChargeDescDtl,ChargeDescDtlObj,RANGE_FROM,strGrdRangeFrom
TARCoreTariffServiceTS,ChargeDescDtl,ChargeDescDtlObj,RANGE_TO,strGrdRangeTo
TARCoreTariffServiceTS,ChargeDescDtl,ChargeDescDtlObj,SEQ_NO,strGrdSeqNo
TMSCoreTransportTS,VehDetail,VehDetailObj,recStatus,recStatus
TMSCoreTransportTS,VehDetail,VehDetailObj,VEHICLE_CATEGORY,strVehicleCategory
TMSCoreTransportTS,VehDetail,VehDetailObj,NO_OF_VEHICLES,iNoOfVehicles
TMSCoreTransportTS,VehDetail,VehDetailObj,WEIGHT,iVehWeight
TMSCoreTransportTS,VehDetail,VehDetailObj,UOM,iVehUom
TMSCoreTransportTS,actDetail,actDetailObj,recStatus,recStatus
TMSCoreTransportTS,actDetail,actDetailObj,ITEM_CODE,strActItemCode
TMSCoreTransportTS,actDetail,actDetailObj,ITEM_DESC,strActItemDesc
TMSCoreTransportTS,actDetail,actDetailObj,ITEM_QTY,iActQuantity
TMSCoreTransportTS,actDetail,actDetailObj,ITEM_QTY_UOM,strActItemUom
TMSCoreTransportTS,actDetail,actDetailObj,ITEM_PACK_TYPE,strActPackageType
TMSCoreTransportTS,actDetail,actDetailObj,NO_OF_PKTS,iActNoOfPckts
TMSCoreTransportTS,actDetail,actDetailObj,TOT_WEIGHT,iActTotalWeight
TMSCoreTransportTS,actDetail,actDetailObj,TOT_VOLUME,iActTotalVolume
TMSCoreTransportTS,actDetail,actDetailObj,COMMODITY,strActComm
TMSCoreTransportTS,actDetail,actDetailObj,PO_LINE_ITEM,iPoLineItem
TMSCoreTransportTS,actDetail,actDetailObj,ITEM_REMARKS,strItemRemaks
TMSCoreTransportTS,refGrid,refGridObj,recStatus,recStatus
TMSCoreTransportTS,refGrid,refGridObj,REF_DOC_TYPE,strRefDocType
TMSCoreTransportTS,refGrid,refGridObj,REF_DOC_NO,strRefDocNo
TMSCoreTransportTS,refGrid,refGridObj,REMARKS,strRefRemarks
TMSCoreTransportTS,planDetail,planDetailObj,recStatus,recStatus
TMSCoreTransportTS,planDetail,planDetailObj,ITEM_CODE,strActItemCode
TMSCoreTransportTS,planDetail,planDetailObj,ITEM_DESC,strActItemDesc
TMSCoreTransportTS,planDetail,planDetailObj,ITEM_QTY,iActQuantity
TMSCoreTransportTS,planDetail,planDetailObj,ITEM_QTY_UOM,strPlanItemUom
TMSCoreTransportTS,planDetail,planDetailObj,ITEM_PACK_TYPE,strActPackageType
TMSCoreTransportTS,planDetail,planDetailObj,NO_OF_PKTS,iActNoOfPckts
TMSCoreTransportTS,planDetail,planDetailObj,TOT_WEIGHT,iActTotalWeight
TMSCoreTransportTS,planDetail,planDetailObj,TOT_VOLUME,iActTotalVolume
TMSCoreTransportTS,planDetail,planDetailObj,COMMODITY,strPlanComm
TMSCoreTransportTS,itemdetailsGrid,itemdetailsGridObj,recStatus,recStatus
TMSCoreTransportTS,itemdetailsGrid,itemdetailsGridObj,ITEM_CODE,strItemCode
TMSCoreTransportTS,itemdetailsGrid,itemdetailsGridObj,ITEM_DESC,strItemDesc
TMSCoreTransportTS,itemdetailsGrid,itemdetailsGridObj,ITEM_QTY,iItemQty
TMSCoreTransportTS,itemdetailsGrid,itemdetailsGridObj,ITEM_QTY_UOM,strItemQtyUOM
TMSCoreTransportTS,itemdetailsGrid,itemdetailsGridObj,SHIPMENT_QTY,iShipmentQty
TMSCoreTransportTS,itemdetailsGrid,itemdetailsGridObj,WEIGHT,iWeight
TMSCoreTransportTS,itemdetailsGrid,itemdetailsGridObj,VOLUME,iVolume
TMSCoreTransportTS,itemdetailsGrid,itemdetailsGridObj,REMAINING_QTY,strRemainingQuantity
TMSCoreTransportTS,itemdetailsGrid,itemdetailsGridObj,LINE_NO,iLineNo
TMSCoreTransportTS,unmappedShipGrid,unmappedShipGridObj,recStatus,recStatus
TMSCoreTransportTS,unmappedShipGrid,unmappedShipGridObj,UN_SHIPMENT_NO,strShippmentNo
TMSCoreTransportTS,unmappedShipGrid,unmappedShipGridObj,UN_ORIGIN,strOrigin
TMSCoreTransportTS,unmappedShipGrid,unmappedShipGridObj,UN_DESTINATION,strDestination
TMSCoreTransportTS,unmappedShipGrid,unmappedShipGridObj,UN_WEIGHT,iWeight
TMSCoreTransportTS,unmappedShipGrid,unmappedShipGridObj,UN_VOLUME,iVolume
TMSCoreTransportTS,unmappedShipGrid,unmappedShipGridObj,UN_DEMAND_STATUS,strDemandStatus
TMSCoreTransportTS,unmappedShipGrid,unmappedShipGridObj,select,strSelect
TMSCoreTransportTS,mappedShipGrid,mappedShipGridObj,recStatus,recStatus
TMSCoreTransportTS,mappedShipGrid,mappedShipGridObj,select,strSelect
TMSCoreTransportTS,mappedShipGrid,mappedShipGridObj,UN_SHIPMENT_NO,strShippmentNo
TMSCoreTransportTS,mappedShipGrid,mappedShipGridObj,UN_ORIGIN,strOriginML
TMSCoreTransportTS,mappedShipGrid,mappedShipGridObj,UN_DESTINATION,strDestinationML
TMSCoreTransportTS,mappedShipGrid,mappedShipGridObj,UN_WEIGHT,iWeight
TMSCoreTransportTS,mappedShipGrid,mappedShipGridObj,UN_VOLUME,iVolume
TMSCoreTransportTS,mappedShipGrid,mappedShipGridObj,UN_DEMAND_STATUS,strDemandStatus
TMSCoreTransportTS,mappedShipGrid,mappedShipGridObj,UN_PRIORITY,strPriority
TMSCoreTransportTS,mappedShipGrid,mappedShipGridObj,UN_COMMODITY,strCommodity
TMSCoreTransportTS,mappedShipGrid,mappedShipGridObj,CLOSURE_DATE,dtClosureDate
TMSCoreTransportTS,mappedShipGrid,mappedShipGridObj,CLOSURE_TIME,tmClosureTime
TMSCoreTransportTS,mappedShipGrid,mappedShipGridObj,UN_QUANTITY,iQuantity
TMSCoreTransportTS,Roster,getDetailsGridObj,recStatus,recStatus
TMSCoreTransportTS,Roster,getDetailsGridObj,DOC_NO,strRequestNo
TMSCoreTransportTS,Roster,getDetailsGridObj,VEHICLE_CATEGORY,strVehicleCategory
TMSCoreTransportTS,Roster,getDetailsGridObj,REF_LINE_NO,iRefLineNo
TMSCoreTransportTS,Roster,getDetailsGridObj,select,strSelect
TMSCoreTransportTS,Roster,getDetailsGridObj,DOC_TYPE,strDocType
TMSCoreTransportTS,Roster,getDetailsGridObj,DOC_LINE_NO,iDocLineNo
TMSCoreTransportTS,Roster,getDetailsGridObj,TRUCK_CODE,strTruckCode
TMSCoreTransportTS,Roster,getDetailsGridObj,DRIVER_CODE,strDriverCode
TMSCoreTransportTS,Roster,getDetailsGridObj,CODE3PL,str3PlOwnerName
TMSCoreTransportTS,Roster,getDetailsGridObj,STATUS,strStatus
TMSCoreTransportTS,Roster,getDetailsGridObj,DO_NO,strRefDocNo
TMSCoreTransportTS,Roster,getDetailsGridObj,NO_OF_VEHICLES,iNoOfVehicles
TMSCoreTransportTS,Roster,getDetailsGridObj,INSPECTION_DATE,dtInspectionDate
TMSCoreTransportTS,Roster,getDetailsGridObj,INSPECTION_TIME,iInspectionTime
TMSCoreTransportTS,Roster,getDetailsGridObj,PHONE_NO,iPhoneNo
TMSCoreTransportTS,Roster,getDetailsGridObj,LOAD_NO,strLoadNo
TMSCoreTransportTS,Roster,getDetailsGridObj,REASON,strReason
TMSCoreTransportTS,Roster,getDetailsGridObj,NEXTDATE,dtNextDate
TMSCoreTransportTS,ShipmentTrack,custContGridObj,recStatus,recStatus
TMSCoreTransportTS,ShipmentTrack,custContGridObj,select,strSelect
TMSCoreTransportTS,ShipmentTrack,custContGridObj,LOAD_NO,strLoadNo
TMSCoreTransportTS,splitItenary,SplitIteDetGridFieldObj,LEG_SEQUENCE,iLegSequence
TMSCoreTransportTS,splitItenary,SplitIteDetGridFieldObj,ORIGIN,strOrigin
TMSCoreTransportTS,splitItenary,SplitIteDetGridFieldObj,DESTINATION,strDestination
TMSCoreTransportTS,splitItenary,SplitIteDetGridFieldObj,SHIPMENT_NO,strShippmentNo
TMSCoreTransportTS,splitItenary,SplitIteDetGridFieldObj,recStatus,recStatus
TMSCoreTransportTS,bulkRequest,bulkRequestObj,recStatus,recStatus
TMSCoreTransportTS,bulkRequest,bulkRequestObj,ITEM_CODE,strActItemCode
TMSCoreTransportTS,bulkRequest,bulkRequestObj,ITEM_DESC,strActItemDesc
TMSCoreTransportTS,bulkRequest,bulkRequestObj,ITEM_QTY,iActQuantity
TMSCoreTransportTS,bulkRequest,bulkRequestObj,ITEM_QTY_UOM,strActItemUom
TMSCoreTransportTS,bulkRequest,bulkRequestObj,TOT_WEIGHT,iActTotalWeight
TMSCoreTransportTS,bulkRequest,bulkRequestObj,TOT_VOLUME,iActTotalVolume
TMSCoreTransportTS,bulkRequest,bulkRequestObj,COMMODITY,strActComm
TMSCoreTransportTS,bulkRequest,bulkRequestObj,CUST_CODE,strCustomerCode
TMSCoreTransportTS,bulkRequest,bulkRequestObj,DO_NO,strDocNo
TMSCoreTransportTS,bulkRequest,bulkRequestObj,PRIORITY,strPriority
TMSCoreTransportTS,bulkRequest,bulkRequestObj,ORIGIN,strOrigin
TMSCoreTransportTS,bulkRequest,bulkRequestObj,DESTINATION,strDestination
TMSCoreTransportTS,bulkRequest,bulkRequestObj,PICK_UP_DATE_TIME,dtPickUpDate
TMSCoreTransportTS,bulkRequest,bulkRequestObj,PICK_UP_TIME,strPickUpTime
TMSCoreTransportTS,bulkRequest,bulkRequestObj,ROS_DATE_TIME,dtRosDate
TMSCoreTransportTS,bulkRequest,bulkRequestObj,ROSTIME,strRosTime
TMSCoreTransportTS,bulkRequest,bulkRequestObj,CONTRACT_TYPE,strContractType
TMSCoreTransportTS,bulkRequest,bulkRequestObj,CONTRACT_NO,strContractNo
TMSCoreTransportTS,bulkRequest,bulkRequestObj,TOT_WEIGHT_UOM,strTotWgtUom
TMSCoreTransportTS,bulkRequest,bulkRequestObj,TOT_VOLUME_UOM,strTotVolUom
TMSCoreTransportTS,bulkRequest,bulkRequestObj,COST_CENTER_CODE,strCostCenterCode
TMSCoreTransportTS,bulkRequest,bulkRequestObj,AMENDMENT_NO,iAmendmentNo
TMSCoreTransportTS,bulkRequest,bulkRequestObj,select,strSelect
TMSCoreTransportTS,bulkRequest,bulkRequestObj,LINE_NO,iLineNo
TMSCoreTransportTS,ExcelRequest,excelItemDetailObj,recStatus,recStatus
TMSCoreTransportTS,ExcelRequest,excelItemDetailObj,CUSTOMER_CODE,strCustomerCode
TMSCoreTransportTS,ExcelRequest,excelItemDetailObj,REQUEST_DATE,dtRequestDate
TMSCoreTransportTS,ExcelRequest,excelItemDetailObj,DOC_NO,strDocNo
TMSCoreTransportTS,ExcelRequest,excelItemDetailObj,COMMODITY,strCommodity
TMSCoreTransportTS,ExcelRequest,excelItemDetailObj,PRIORITY,strPriority
TMSCoreTransportTS,ExcelRequest,excelItemDetailObj,ORIGIN,strOrigin
TMSCoreTransportTS,ExcelRequest,excelItemDetailObj,DESTINATION,strDestination
TMSCoreTransportTS,ExcelRequest,excelItemDetailObj,PICKUP_DATE,dtPickUpDateTime
TMSCoreTransportTS,ExcelRequest,excelItemDetailObj,PICKUP_TIME,tmPickUpTime
TMSCoreTransportTS,ExcelRequest,excelItemDetailObj,DELIVERY_DATE,dtROSDateTime
TMSCoreTransportTS,ExcelRequest,excelItemDetailObj,DELIVERY_TIME,tmROSTime
TMSCoreTransportTS,ExcelRequest,excelItemDetailObj,CONTRACT_TYPE,strContractType
TMSCoreTransportTS,ExcelRequest,excelItemDetailObj,ITEM_CODE,strItemCode
TMSCoreTransportTS,ExcelRequest,excelItemDetailObj,QUANTITY,iQuantity
TMSCoreTransportTS,ExcelRequest,excelItemDetailObj,QUANTITY_UOM,strQuantityUom
TMSCoreTransportTS,ExcelRequest,excelItemDetailObj,WEIGHT,iWeight
TMSCoreTransportTS,ExcelRequest,excelItemDetailObj,WEIGHT_UOM,strWeightUom
TMSCoreTransportTS,ExcelRequest,excelItemDetailObj,VOLUME,iVolume
TMSCoreTransportTS,ExcelRequest,excelItemDetailObj,VOLUME_UOM,strVolumeUom
TMSCoreTransportTS,ExcelRequest,excelItemDetailObj,COST_CENTER_CODE,strCostCenterCode
TMSCoreTransportTS,LoadLegDtlGrid,LoadLegDtlGridObj,recStatus,recStatus
TMSCoreTransportTS,LoadLegDtlGrid,LoadLegDtlGridObj,select,strSelect
TMSCoreTransportTS,LoadLegDtlGrid,LoadLegDtlGridObj,LOAD_LEG,strLoadLeg
TMSCoreTransportTS,LoadLegDtlGrid,LoadLegDtlGridObj,SEQ_NO,iSeqNo
TMSCoreTransportTS,LoadLegDtlGrid,LoadLegDtlGridObj,LOAD_INSP_REQ,strLoadInspReq
TMSCoreTransportTS,UtilDtlGrid,UtilDtlGridObj,recStatus,recStatus
TMSCoreTransportTS,UtilDtlGrid,UtilDtlGridObj,select,strSelect
TMSCoreTransportTS,UtilDtlGrid,UtilDtlGridObj,FROM,strFrom
TMSCoreTransportTS,UtilDtlGrid,UtilDtlGridObj,TO,strTo
TMSCoreTransportTS,UtilDtlGrid,UtilDtlGridObj,NET_WEIGHT,iNetWeight
TMSCoreTransportTS,UtilDtlGrid,UtilDtlGridObj,UTILIZATION,iUtilization
TMSCoreTransportTS,UtilDtlGrid,UtilDtlGridObj,SEQ_NO,iSeqNo
TMSCoreTransportTS,loadconfGrid,loadconfGridObj,recStatus,recStatus
TMSCoreTransportTS,loadconfGrid,loadconfGridObj,select,strSelect
TMSCoreTransportTS,loadconfGrid,loadconfGridObj,SEQ_NO,iSeqNo
TMSCoreTransportTS,loadconfGrid,loadconfGridObj,COMMODITY,strCommodityML
TMSCoreTransportTS,loading,LoadSummaryGridObj,recStatus,recStatus
TMSCoreTransportTS,loading,LoadSummaryGridObj,select,strSelect
TMSCoreTransportTS,loading,LoadSummaryGridObj,ITEM_DESCRIPTION,strItemDescription
TMSCoreTransportTS,loading,LoadSummaryGridObj,ITEM_CODE,strItemCode
TMSCoreTransportTS,loading,LoadSummaryGridObj,QUANTITY,iQuantity
TMSCoreTransportTS,loading,LoadSummaryGridObj,LOADING_QUANTITY,iLoadingQuantity
TMSCoreTransportTS,loading,LoadSummaryGridObj,UNLOADING_LOC,strUnloadingLocation
TMSCoreTransportTS,loading,LoadSummaryGridObj,SHIPMENT_NO,strShipmentNo
TMSCoreTransportTS,loading,LoadSummaryGridObj,REFERENCE_NO,strReferenceNo
TMSCoreTransportTS,unloading,UnLoadingGridObj,recStatus,recStatus
TMSCoreTransportTS,unloading,UnLoadingGridObj,select,strSelect
TMSCoreTransportTS,unloading,UnLoadingGridObj,ITEM_DESCRIPTION,strItemDescription
TMSCoreTransportTS,unloading,UnLoadingGridObj,ITEM_CODE,strItemCode
TMSCoreTransportTS,unloading,UnLoadingGridObj,QUANTITY,iQuantity
TMSCoreTransportTS,unloading,UnLoadingGridObj,LOADING_QUANTITY,iLoadingQuantity
TMSCoreTransportTS,unloading,UnLoadingGridObj,UNLOADING_QUANTITY,iUnLoadingQuantity
TMSCoreTransportTS,unloading,UnLoadingGridObj,UNLOADING_CONDITION,strUnloadingCondition
TMSCoreTransportTS,unloading,UnLoadingGridObj,LOADING_LOC,strLoadingLocation
TMSCoreTransportTS,unloading,UnLoadingGridObj,SHIPMENT_NO,strShipmentNo
TMSCoreTransportTS,unloading,UnLoadingGridObj,REFERENCE_NO,strReferenceNo
TMSCoreTransportTS,excelDetail,excelDetailObj,recStatus,recStatus
TMSCoreTransportTS,excelDetail,excelDetailObj,select,strSelect
TMSCoreTransportTS,excelDetail,excelDetailObj,CUSTOMER_CODE,strCustomerCode
TMSCoreTransportTS,excelDetail,excelDetailObj,REQUEST_DATE,dtRequestDate
TMSCoreTransportTS,excelDetail,excelDetailObj,QUANTITY,iQuantity
TMSCoreTransportTS,excelDetail,excelDetailObj,DOC_NO,strDocNo
TMSCoreTransportTS,excelDetail,excelDetailObj,PRIORITY,strPriority
TMSCoreTransportTS,excelDetail,excelDetailObj,ORIGIN,strOrigin
TMSCoreTransportTS,excelDetail,excelDetailObj,DESTINATION,strDestination
TMSCoreTransportTS,excelDetail,excelDetailObj,DEMAND_STATUS,strDemandStatus
TMSCoreTransportTS,excelDetail,excelDetailObj,PICKUP_DATE,dtPickUpDate
TMSCoreTransportTS,excelDetail,excelDetailObj,PICKUP_TIME,dtPickUpTime
TMSCoreTransportTS,excelDetail,excelDetailObj,DELIVERY_DATE,dtRosDate
TMSCoreTransportTS,excelDetail,excelDetailObj,DELIVERY_TIME,dtRosTime
TMSCoreTransportTS,excelDetail,excelDetailObj,ITEM_CODE,strItemCode
TMSCoreTransportTS,excelDetail,excelDetailObj,COST_CENTER_CODE,strCostCenterCode
TMSCoreTransportTS,excelDetail,excelDetailObj,REQ_ID,strRequestorId
TMSCoreTransportTS,excelDetail,excelDetailObj,REQ_MAIL,strReqMailId
TMSCoreTransportTS,excelDetail,excelDetailObj,REQ_NAME,strRequestorName
TMSCoreTransportTS,excelDetail,excelDetailObj,LOG_GROUP,strLogGroup
TMSCoreTransportTS,excelDetail,excelDetailObj,LOG_DIV,strDivCode
TMSCoreTransportTS,excelDetail,excelDetailObj,VENDOR,strVendorCode
TMSCoreTransportTS,excelDetail,excelDetailObj,LOAD_AT,strLoadAt
TMSCoreTransportTS,excelDetail,excelDetailObj,REMARKS,strRemarks
TMSCoreTransportTS,excelDetail,excelDetailObj,VEH_CAT,strVehCat
TMSCoreTransportTS,excelDetail,excelDetailObj,VEH_REG_NO,strVehRegNo
TMSCoreTransportTS,excelDetail,excelDetailObj,DRIVER_CODE,strDriverCode
TMSCoreTransportTS,excelDetail,excelDetailObj,LOAD_NO,strLoadNo
TMSCoreTransportTS,excelDetail,excelDetailObj,LOAD_INS,strLoadInsp
TMSCoreTransportTS,excelDetail,excelDetailObj,ACTUAL_TOT_WEIGHT,strActualWeight
TMSCoreTransportTS,excelDetail,excelDetailObj,RIG_NO,strRigNo
TMSCoreTransportTS,excelDetail,excelDetailObj,UNLOADING_POINT,strUnloadingPoint
TMSCoreTransportTS,excelDetail,excelDetailObj,LOAD_DESCRIPTION,strLoadDescription
TMSCoreTransportTS,excelDetail,excelDetailObj,LOAD_INSPECTION,strLdInspReq
TMSCoreTransportTS,excelDetail,excelDetailObj,PO_NUM,strPONo
TMSCoreTransportTS,excelDetail,excelDetailObj,VENDOR_REF_NO,strVenRefNo
TMSCoreTransportTS,excelDetail,excelDetailObj,PO_LINE_ITEM,iPoLineItem
TMSCoreTransportTS,excelDetail,excelDetailObj,ITEM_REMARKS,strItemRemaks
TMSCoreTransportTS,excelDetail,excelDetailObj,WELL_ID,strWellID
TMSCoreTransportTS,excelDetail,excelDetailObj,WELL_NAME,strWellName
TMSCoreTransportTS,excelDetail,excelDetailObj,CALL_OUT,strCallout
TMSCoreTransportTS,searchGrid,searchGridObj,recStatus,recStatus
TMSCoreTransportTS,searchGrid,searchGridObj,select,strSelect
TMSCoreTransportTS,searchGrid,searchGridObj,TRANS_REQ_NO,strRequestNo
TMSCoreTransportTS,custContGrid,custContGridObj,recStatus,recStatus
TMSCoreTransportTS,custContGrid,custContGridObj,select,strSelect
TMSCoreTransportTS,custContGrid,custContGridObj,SHIPMENT_NO,strShipmentNo
TMSCoreTransportTS,DynMTLFetch,queryObj,COLUMN_NAME,columnName
TMSCoreTransportTS,DynMTLFetch,queryObj,OPERATOR,strOperator
TMSCoreTransportTS,DynMTLFetch,queryObj,CONTROL_ID,strControlid
TMSCoreTransportTS,DynMTLFetch,queryObj,DEFAULT_VALUE,strDefault
FXCoreTS,itemdetails,itemdetailsObj,recStatus,recStatus
FXCoreTS,itemdetails,itemdetailsObj,select,strSelect
FXCoreTS,itemdetails,itemdetailsObj,ITEM_DESC,strGrdItemDesc
FXCoreTS,itemdetails,itemdetailsObj,QUANTITY,strGrdQty
FXCoreTS,itemdetails,itemdetailsObj,cueRowId,cueRowId
FXCoreTS,itemdetails,itemdetailsObj,UOM,strGrdUOM
FXCoreTS,itemdetails,itemdetailsObj,LENGTH,strGrdLength
FXCoreTS,itemdetails,itemdetailsObj,WIDTH,strGrdWidth
FXCoreTS,itemdetails,itemdetailsObj,HEIGHT,strGrdHeight
FXCoreTS,itemdetails,itemdetailsObj,LBH_UOM,strGrdLBHUOM
FXCoreTS,itemdetails,itemdetailsObj,WIGHT,strGrdWeight
FXCoreTS,itemdetails,itemdetailsObj,WEIGHT_UOM,strGrdWeightUOM
FXCoreTS,itemdetails,itemdetailsObj,FRAGILE,strGrdFragile
FXCoreTS,itemdetails,itemdetailsObj,HAZARDOUS,strGrdHazardous
FXCoreTS,itemdetails,itemdetailsObj,ODC,strGrdODC
FXCoreTS,itemdetails,itemdetailsObj,HAZARDOUS_ODC_NO,strGrdODC_NO
FXCoreTS,itemdetails,itemdetailsObj,HAZARDOUS_ODC_YES,strGrdODC_YES
FXCoreTS,itemdetails,itemdetailsObj,ATTACH,strGrdUploadDoc
FXCoreTS,truckVolConf,truckVolConfObj,recStatus,recStatus
FXCoreTS,truckVolConf,truckVolConfObj,select,strSelect
FXCoreTS,truckVolConf,truckVolConfObj,TRUCK_CAT,strTruckCat
FXCoreTS,truckVolConf,truckVolConfObj,CAPACITY,strCapacity
FXCoreTS,truckVolConf,truckVolConfObj,MAX_LOAD,strMaxLoad
FXCoreTS,ratedtl,ratedtlObj,recStatus,recStatus
FXCoreTS,ratedtl,ratedtlObj,select,strSelect
FXCoreTS,ratedtl,ratedtlObj,FROM_REGION,strGrdRegionFrom
FXCoreTS,ratedtl,ratedtlObj,TO_REGION,strGrdRegionTo
FXCoreTS,ratedtl,ratedtlObj,cueRowId,cueRowId
FXCoreTS,ratedtl,ratedtlObj,STD_RATE,strGrdStdRate
FXCoreTS,ratedtl,ratedtlObj,TYPE,strGrdType
FXCoreTS,ratedtl,ratedtlObj,MIN_WT,strGrdMinWt
FXCoreTS,ratedtl,ratedtlObj,MAX_WT,strGrdMaxWt
FXCoreTS,ratedtl,ratedtlObj,ADDITIONAL_COST,strAddCost
FXCoreTS,ratedtl,ratedtlObj,INSURANCE_COST,strInsuranceCost
DSCoreSecurityTS,mappeduserGrid,mappeduserGridObj,recStatus,recStatus
DSCoreSecurityTS,mappeduserGrid,mappeduserGridObj,select,strSelect
DSCoreSecurityTS,mappeduserGrid,mappeduserGridObj,USER_ID,strUserId
DSCoreSecurityTS,DynMTLFetch,queryObj,COLUMN_NAME,columnName
DSCoreSecurityTS,DynMTLFetch,queryObj,OPERATOR,strOperator
DSCoreSecurityTS,DynMTLFetch,queryObj,CONTROL_ID,strControlid
DSCoreSecurityTS,DynMTLFetch,queryObj,DEFAULT_VALUE,strDefault
FINCoreFinanceServiceTS,finPeriod,finPeriodObj,recStatus,recStatus
FINCoreFinanceServiceTS,finPeriod,finPeriodObj,select,strSelect
FINCoreFinanceServiceTS,finPeriod,finPeriodObj,PERIOD_START_DATE,dtPerStartDate
FINCoreFinanceServiceTS,finPeriod,finPeriodObj,PERIOD_END_DATE,dtPerEndDate
FINCoreFinanceServiceTS,finPeriod,finPeriodObj,FIN_PERIOD_CODE,strPeriodCode
FINCoreFinanceServiceTS,finPeriod,finPeriodObj,PERIOD_DESC,strPeriodDesc
FINCoreFinanceServiceTS,reqMapGrid,reqMapGridObj,recStatus,recStatus
FINCoreFinanceServiceTS,reqMapGrid,reqMapGridObj,select,strSelect
FINCoreFinanceServiceTS,reqMapGrid,reqMapGridObj,REQUEST_NO,strRequestNo
FINCoreFinanceServiceTS,reqMapGrid,reqMapGridObj,CUST_CODE,strCustomerCode
FINCoreFinanceServiceTS,reqMapGrid,reqMapGridObj,CUST_NAME,strCustomerName
FINCoreFinanceServiceTS,reqMapGrid,reqMapGridObj,ORIGIN,strOrigin
FINCoreFinanceServiceTS,reqMapGrid,reqMapGridObj,DESTINATION,strDestination
FINCoreFinanceServiceTS,reqMapGrid,reqMapGridObj,PRIORITY,strPriority
FINCoreFinanceServiceTS,reqMapGrid,reqMapGridObj,COMMODITY,strCommodity
FINCoreFinanceServiceTS,reqMapGrid,reqMapGridObj,WEIGHT,iTotWeight
FINCoreFinanceServiceTS,reqMapGrid,reqMapGridObj,VOLUME,iTotVolume
FINCoreFinanceServiceTS,reqMapGrid,reqMapGridObj,DEL_DATE,dtDelDate
FINCoreFinanceServiceTS,reqMapGrid,reqMapGridObj,TRIP_NO,strTripSheetNo
FINCoreFinanceServiceTS,reqMapGrid,reqMapGridObj,TOT_DIS,iTotDistance
FINCoreFinanceServiceTS,reqMapGrid,reqMapGridObj,AMOUNT,iAmount
FINCoreFinanceServiceTS,reqMapGrid,reqMapGridObj,INVOICE_DATE,dtInvoiceDate
FINCoreFinanceServiceTS,reqMapGrid,reqMapGridObj,INVOICE_NO,strInvoiceNo
FINCoreFinanceServiceTS,reqMapGrid,reqMapGridObj,STATUS,strStatus
FINCoreFinanceServiceTS,reqMapGrid,reqMapGridObj,CAR_CODE,strCarCode
FINCoreFinanceServiceTS,reqMapGrid,reqMapGridObj,NO_TRIPS,iNoOfTrp
FINCoreFinanceServiceTS,reqMapGrid,reqMapGridObj,TRIP_DT,dtTripDate
FINCoreFinanceServiceTS,reqMapGrid,reqMapGridObj,CLOSE_DT,dtCloseTripDate
FINCoreFinanceServiceTS,reqMapGrid,reqMapGridObj,CONTRACT_NO,strContractNoML
FINCoreFinanceServiceTS,reqMapGrid,reqMapGridObj,CONTRACT_NAME,strContractNameML
FINCoreFinanceServiceTS,reqMapGrid,reqMapGridObj,VEH_CODE,strVehCodeML
FINCoreFinanceServiceTS,invoiceMapGrid,invoiceMapGridObj,recStatus,recStatus
FINCoreFinanceServiceTS,invoiceMapGrid,invoiceMapGridObj,select,strSelect
FINCoreFinanceServiceTS,invoiceMapGrid,invoiceMapGridObj,INVOICE_NO,strInvoiceNo
FINCoreFinanceServiceTS,invoiceMapGrid,invoiceMapGridObj,INVOICE_DATE,dtInvoiceDate
FINCoreFinanceServiceTS,invoiceMapGrid,invoiceMapGridObj,CUST_NAME,strCustomerName
FINCoreFinanceServiceTS,invoiceMapGrid,invoiceMapGridObj,CUST_CODE,strCustomerCode
FINCoreFinanceServiceTS,invoiceMapGrid,invoiceMapGridObj,NO_REQUEST,iNoOfReq
FINCoreFinanceServiceTS,invoiceMapGrid,invoiceMapGridObj,AMOUNT,iAmount
FINCoreFinanceServiceTS,invoiceMapGrid,invoiceMapGridObj,STATUS,strStatus
FINCoreFinanceServiceTS,invoiceMapGrid,invoiceMapGridObj,WEIGHT,iTotWeight
FINCoreFinanceServiceTS,invoiceMapGrid,invoiceMapGridObj,VOLUME,iTotVolume
FINCoreFinanceServiceTS,invManMapGrid,invManMapGridObj,recStatus,recStatus
FINCoreFinanceServiceTS,invManMapGrid,invManMapGridObj,select,strSelect
FINCoreFinanceServiceTS,invManMapGrid,invManMapGridObj,SERVICE_ITEM_DESC,strSerItemDesc
FINCoreFinanceServiceTS,invManMapGrid,invManMapGridObj,SERVICE_TYPE,strServiceType
FINCoreFinanceServiceTS,invManMapGrid,invManMapGridObj,CHARGE_DESC,strChargeDesc
FINCoreFinanceServiceTS,invManMapGrid,invManMapGridObj,NAT_CHG,strNatOfCharge
FINCoreFinanceServiceTS,invManMapGrid,invManMapGridObj,AMOUNT,iAmount
FINCoreFinanceServiceTS,invManMapGrid,invManMapGridObj,SERVICE_ITEM,strServiceItem
FINCoreFinanceServiceTS,invManMapGrid,invManMapGridObj,CHARGE_CODE,strChargeCode
FINCoreFinanceServiceTS,invManMapGrid,invManMapGridObj,REQUEST_NO,strRequestNo
FINCoreFinanceServiceTS,tripMapGrid,tripMapGridObj,recStatus,recStatus
FINCoreFinanceServiceTS,tripMapGrid,tripMapGridObj,select,strSelect
FINCoreFinanceServiceTS,tripMapGrid,tripMapGridObj,CAR_CODE,strCarCode
FINCoreFinanceServiceTS,tripMapGrid,tripMapGridObj,TRIP_DT,dtTripDate
FINCoreFinanceServiceTS,tripMapGrid,tripMapGridObj,CLOSE_DT,dtCloseTripDate
FINCoreFinanceServiceTS,tripMapGrid,tripMapGridObj,CONTRACT_NO,strContractNoML
FINCoreFinanceServiceTS,tripMapGrid,tripMapGridObj,CONTRACT_NAME,strContractNameML
FINCoreFinanceServiceTS,tripMapGrid,tripMapGridObj,VEH_CODE,strVehCodeML
FINCoreFinanceServiceTS,tripMapGrid,tripMapGridObj,TRIP_NO,strTripSheetNoML
FINCoreFinanceServiceTS,loadDetailsGrid,loadDetailsGridObj,recStatus,recStatus
FINCoreFinanceServiceTS,loadDetailsGrid,loadDetailsGridObj,select,strSelect
FINCoreFinanceServiceTS,loadDetailsGrid,loadDetailsGridObj,TRIP_NO,strTripSheetNoML
FINCoreFinanceServiceTS,loadDetailsGrid,loadDetailsGridObj,LOAD_NO,strLoadNo
FINCoreFinanceServiceTS,loadDetailsGrid,loadDetailsGridObj,KEY_FIELD,strKeyField
FINCoreFinanceServiceTS,loadDetailsGrid,loadDetailsGridObj,ADJ,iAdj
FINCoreFinanceServiceTS,loadDetailsGrid,loadDetailsGridObj,REMARKS,strRemarks
FINCoreFinanceServiceTS,loadDetailsGrid,loadDetailsGridObj,CONTRACT_BILL_NO,strContBillNo
FINCoreFinanceServiceTS,loadDetailsGrid,loadDetailsGridObj,OPS_APP,strOpsApp
FINCoreFinanceServiceTS,loadDetailsGrid,loadDetailsGridObj,PDO_APP,strPdoApp
FINCoreFinanceServiceTS,loadDetailsGrid,loadDetailsGridObj,PAID_OTO,strPaidOto
FINCoreFinanceServiceTS,loadDetailsGrid,loadDetailsGridObj,LANE_CODE,strLaneCode
FINCoreFinanceServiceTS,loadDetailsGrid,loadDetailsGridObj,CHARGE_CODE,strChargeCode
FINCoreFinanceServiceTS,ExcelloadDetailsGrid,ExcelloadDetailsGridObj,recStatus,recStatus
FINCoreFinanceServiceTS,ExcelloadDetailsGrid,ExcelloadDetailsGridObj,select,strSelect
FINCoreFinanceServiceTS,ExcelloadDetailsGrid,ExcelloadDetailsGridObj,LOAD_NO,strLoadNo
FINCoreFinanceServiceTS,ExcelloadDetailsGrid,ExcelloadDetailsGridObj,REMARKS,strRemarks
FINCoreFinanceServiceTS,ExcelloadDetailsGrid,ExcelloadDetailsGridObj,CONTRACT_BILL_NO,strContBillNo
FINCoreFinanceServiceTS,SumloadDetailsGrid,SumloadDetailsGridObj,recStatus,recStatus
FINCoreFinanceServiceTS,SumloadDetailsGrid,SumloadDetailsGridObj,select,strSelect
FINCoreFinanceServiceTS,SumloadDetailsGrid,SumloadDetailsGridObj,TRIP_NO,strTripSheetNoML
FINCoreFinanceServiceTS,SumloadDetailsGrid,SumloadDetailsGridObj,LOAD_NO,strLoadNo
FINCoreFinanceServiceTS,SumloadDetailsGrid,SumloadDetailsGridObj,KEY_FIELD,strKeyField
FINCoreFinanceServiceTS,SumloadDetailsGrid,SumloadDetailsGridObj,ADJ,iAdj
FINCoreFinanceServiceTS,SumloadDetailsGrid,SumloadDetailsGridObj,REMARKS,strRemarks
FINCoreFinanceServiceTS,SumloadDetailsGrid,SumloadDetailsGridObj,CONTRACT_BILL_NO,strContBillNoML
FINCoreFinanceServiceTS,SumloadDetailsGrid,SumloadDetailsGridObj,OPS_APP,strOpsApp
FINCoreFinanceServiceTS,SumloadDetailsGrid,SumloadDetailsGridObj,PDO_APP,strPdoApp
FINCoreFinanceServiceTS,SumloadDetailsGrid,SumloadDetailsGridObj,PAID_OTO,strPaidOto
FINCoreFinanceServiceTS,SumloadDetailsGrid,SumloadDetailsGridObj,LANE_CODE,strLaneCode
FINCoreFinanceServiceTS,SumloadDetailsGrid,SumloadDetailsGridObj,CHARGE_CODE,strChargeCode
GPCoreServiceTS,POVenDODtl,POVenDODtlObj,recStatus,recStatus
GPCoreServiceTS,POVenDODtl,POVenDODtlObj,select,strSelect
GPCoreServiceTS,POVenDODtl,POVenDODtlObj,QUANTITY,strGrdQty
GPCoreServiceTS,POVenDODtl,POVenDODtlObj,cueRowId,cueRowId
GPCoreServiceTS,POVenDODtl,POVenDODtlObj,UOM,strGrdUOM
GPCoreServiceTS,POVenDODtl,POVenDODtlObj,PO_NUMBER,strGrdPONum
GPCoreServiceTS,POVenDODtl,POVenDODtlObj,PO_DATE,dtGrdPODate
GPCoreServiceTS,POVenDODtl,POVenDODtlObj,VENDOR_NUMBER,strGrdVendorNo
GPCoreServiceTS,POVenDODtl,POVenDODtlObj,VENDOR_NAME,strGrdVendorName
GPCoreServiceTS,POVenDODtl,POVenDODtlObj,VENDOR_DO_NUMBER,strGrdVendorDONo
PPLCoreMasterTS,shuttleDtl,shuttleDtlObj,recStatus,recStatus
PPLCoreMasterTS,shuttleDtl,shuttleDtlObj,select,strSelect
PPLCoreMasterTS,shuttleDtl,shuttleDtlObj,VEH_CODE,strVehicleCode
PPLCoreMasterTS,shuttleDtl,shuttleDtlObj,REG_NO,strRegNo
PPLCoreMasterTS,shuttleDtl,shuttleDtlObj,ROUTE_CODE,strRouteCode
PPLCoreMasterTS,shuttleDtl,shuttleDtlObj,ROUTE_DESC,strRouteDesc
PPLCoreMasterTS,shuttleDtl,shuttleDtlObj,START_TIME,tmStartTime
PPLCoreMasterTS,shuttleDtl,shuttleDtlObj,SHUTTLE_NO,strShuttleNo
PPLCoreMasterTS,travellerDoc,travellerDocObj,recStatus,recStatus
PPLCoreMasterTS,travellerDoc,travellerDocObj,select,strSelect
PPLCoreMasterTS,travellerDoc,travellerDocObj,DOC_TYPE,strDocType
PPLCoreMasterTS,travellerDoc,travellerDocObj,DOC_NO,strDocNo
PPLCoreMasterTS,travellerDoc,travellerDocObj,ISSUE_DT,dtIssueDate
PPLCoreMasterTS,travellerDoc,travellerDocObj,EFFECTIVE_FROM,dtEffectiveFrom
PPLCoreMasterTS,travellerDoc,travellerDocObj,EFFECTIVE_TO,dtEffectiveTo
PPLCoreMasterTS,travellerDoc,travellerDocObj,ATTACH_DOCUMENT,strAttach
PPLCoreMasterTS,travellerDoc,travellerDocObj,ISSUED_BY,strIssuedBy
PPLCoreMasterTS,guestHouseDtl,guestHouseDtlObj,recStatus,recStatus
PPLCoreMasterTS,guestHouseDtl,guestHouseDtlObj,select,strSelect
PPLCoreMasterTS,guestHouseDtl,guestHouseDtlObj,ROOM_NO,strRoomNo
PPLCoreMasterTS,guestHouseDtl,guestHouseDtlObj,ROOM_TYPE,strRoomType
PPLCoreMasterTS,guestHouseDtl,guestHouseDtlObj,NO_OF_BEDS,iNoOfBeds
PPLCoreMasterTS,guestHouseDtl,guestHouseDtlObj,WORK_LOCATION,strLocation
PPLCoreMasterTS,guestHouseDtl,guestHouseDtlObj,GUEST_HOUSE,strGuestHouseCode
PPLCoreMasterTS,guestHouseDtl,guestHouseDtlObj,GUEST_NAME,strGuestHouseName
PPLCoreMasterTS,guestHouseDtl,guestHouseDtlObj,EFFECTIVE_FROM,dtEffectiveFrom
PPLCoreMasterTS,guestHouseDtl,guestHouseDtlObj,EFFECTIVE_TO,dtEffectiveTo
PPLCoreMasterTS,ComplainceRulesDtl,ComplainceRulesDtlObj,recStatus,recStatus
PPLCoreMasterTS,ComplainceRulesDtl,ComplainceRulesDtlObj,select,strSelect
PPLCoreMasterTS,ComplainceRulesDtl,ComplainceRulesDtlObj,FROM_REGION,strFromRegion
PPLCoreMasterTS,ComplainceRulesDtl,ComplainceRulesDtlObj,TO_REGION,strToRegion
PPLCoreMasterTS,ComplainceRulesDtl,ComplainceRulesDtlObj,DOC_TYPE,strDocType
PPLCoreMasterTS,ComplainceRulesDtl,ComplainceRulesDtlObj,CRITICALITY,strCriticality
PPLCoreMasterTS,ComplainceRulesDtl,ComplainceRulesDtlObj,EFFECTIVE_FROM,dtEffectiveFrom
PPLCoreMasterTS,ComplainceRulesDtl,ComplainceRulesDtlObj,EFFECTIVE_TO,dtEffectiveTo
PPLCoreMasterTS,requestGenDtl,requestGenDtlObj,recStatus,recStatus
PPLCoreMasterTS,requestGenDtl,requestGenDtlObj,select,strSelect
PPLCoreMasterTS,requestGenDtl,requestGenDtlObj,TRAVEL_PURPOSE,strTravelPurpose
PPLCoreMasterTS,requestGenDtl,requestGenDtlObj,TRAVEL_TYPE,strTravelType
PPLCoreMasterTS,requestGenDtl,requestGenDtlObj,DOC_TO_GEN,strDocgen
PPLCoreMasterTS,requestGenDtl,requestGenDtlObj,EFFECTIVE_FROM,dtEffectiveFrom
PPLCoreMasterTS,requestGenDtl,requestGenDtlObj,EFFECTIVE_TO,dtEffectiveTo
PPLCoreMasterTS,requestGenDtl,requestGenDtlObj,GRADE,strGrade
PPLCoreMasterTS,requestGenDtl,requestGenDtlObj,REGION_FROM,strRegionFrom
PPLCoreMasterTS,requestGenDtl,requestGenDtlObj,REGION_TO,strRegionTo
PPLCoreMasterTS,approvalDataDtl,approvalDataDtlObj,recStatus,recStatus
PPLCoreMasterTS,approvalDataDtl,approvalDataDtlObj,select,strSelect
PPLCoreMasterTS,approvalDataDtl,approvalDataDtlObj,DATA_TYPE,strDataType
PPLCoreMasterTS,approvalDataDtl,approvalDataDtlObj,VALUE,strValue
PPLCoreMasterTS,approvalLevelDtl,approvalLevelDtlObj,recStatus,recStatus
PPLCoreMasterTS,approvalLevelDtl,approvalLevelDtlObj,select,strSelect
PPLCoreMasterTS,approvalLevelDtl,approvalLevelDtlObj,LEVEL_SEQ,iLevelSeq
PPLCoreMasterTS,approvalLevelDtl,approvalLevelDtlObj,LEVEL_STATUS,strLevelStatus
PPLCoreMasterTS,approvalLevelDtl,approvalLevelDtlObj,USER,strUser
PPLCoreMasterTS,approvalLevelDtl,approvalLevelDtlObj,EMAIL_ID,strEmailId
OTOAppCoreServiceTS,contractoruserGrid,contractoruserGridObj,recStatus,recStatus
OTOAppCoreServiceTS,contractoruserGrid,contractoruserGridObj,select,strSelect
OTOAppCoreServiceTS,contractoruserGrid,contractoruserGridObj,ROW_NUM,cueRowId
OTOAppCoreServiceTS,contractoruserGrid,contractoruserGridObj,CONTRACT_NUM,strContractorNum
OTOAppCoreServiceTS,contractoruserGrid,contractoruserGridObj,CONTRACTOR_NAME,strContractorName
OTOAppCoreServiceTS,contractoruserGrid,contractoruserGridObj,CONTRACTOR_NO,strContractorNo
PPLCoreTS,PlanLegDtlGrid,PlanLegDtlGridObj,recStatus,recStatus
PPLCoreTS,PlanLegDtlGrid,PlanLegDtlGridObj,select,strSelect
PPLCoreTS,PlanLegDtlGrid,PlanLegDtlGridObj,PLAN_LEG,strPlanLeg
PPLCoreTS,PlanLegDtlGrid,PlanLegDtlGridObj,SEQ_NO,iSeqNo
PPLCoreTS,travelRequest,travelRequestObj,recStatus,recStatus
PPLCoreTS,travelRequest,travelRequestObj,select,strSelect
PPLCoreTS,travelRequest,travelRequestObj,LOCATION,strLocation
PPLCoreTS,travelRequest,travelRequestObj,DATE,dtDate
PPLCoreTS,travelRequest,travelRequestObj,TIME,strTime
PPLCoreTS,travelRequest,travelRequestObj,DAYS,strDays
PPLCoreTS,FlightBookingRequest,FlightBookingRequestObj,recStatus,recStatus
PPLCoreTS,FlightBookingRequest,FlightBookingRequestObj,select,strSelect
PPLCoreTS,FlightBookingRequest,FlightBookingRequestObj,FROM_LOCATION,strFromLocation
PPLCoreTS,FlightBookingRequest,FlightBookingRequestObj,TO_LOCATION,strToLocation
PPLCoreTS,FlightBookingRequest,FlightBookingRequestObj,TICKET_NUMBER,strTicketNumber
PPLCoreTS,FlightBookingRequest,FlightBookingRequestObj,DEPARTURE_DATE,dtDepartureDate
PPLCoreTS,FlightBookingRequest,FlightBookingRequestObj,DEPARTURE_TIME,strDepartureTime
PPLCoreTS,FlightBookingRequest,FlightBookingRequestObj,ARRIVAL_DATE,dtArrivalDate
PPLCoreTS,FlightBookingRequest,FlightBookingRequestObj,ARRIVAL_TIME,strArrivalTime
PPLCoreTS,FlightBookingRequest,FlightBookingRequestObj,AIRLINE,strAirline
PPLCoreTS,FlightBookingRequest,FlightBookingRequestObj,FLIGHT_NO,strFlightNo
PPLCoreTS,FlightBookingRequest,FlightBookingRequestObj,TERMINAL_INFO,strTerminalInfo
PPLCoreTS,accRequest,accRequestObj,recStatus,recStatus
PPLCoreTS,accRequest,accRequestObj,select,strSelect
PPLCoreTS,accRequest,accRequestObj,GUEST_HOUSE,strGuestHouse
PPLCoreTS,accRequest,accRequestObj,DATE_FROM,dtDateFrom
PPLCoreTS,accRequest,accRequestObj,DATE_TO,dtDateTo
PPLCoreTS,accRequest,accRequestObj,ROOM_NO,strRoomNo
PPLCoreTS,accRequest,accRequestObj,ROOM_TYPE,strRomType
PPLCoreTS,accRequest,accRequestObj,BED_NO,strBedNo
PPLCoreTS,accRequest,accRequestObj,LINE_NO,iSeqNo
PPLCoreTS,UtilDtlGrid,UtilDtlGridObj,recStatus,recStatus
PPLCoreTS,UtilDtlGrid,UtilDtlGridObj,select,strSelect
PPLCoreTS,UtilDtlGrid,UtilDtlGridObj,SEQ_NO,iSeqNo
PPLCoreTS,UtilDtlGrid,UtilDtlGridObj,FROM,strOrigin
PPLCoreTS,UtilDtlGrid,UtilDtlGridObj,TO,strDestination
PPLCoreTS,UtilDtlGrid,UtilDtlGridObj,NO_OF_PEOPLE,strNoOfPeople
PPLCoreTS,UtilDtlGrid,UtilDtlGridObj,UTILIZATION,strUtilization
PPLCoreTS,mappedReqGrid,mappedReqGridObj,recStatus,recStatus
PPLCoreTS,mappedReqGrid,mappedReqGridObj,select,strSelect
PPLCoreTS,mappedReqGrid,mappedReqGridObj,UN_REQUEST_NO,strRequestNo
PPLCoreTS,mappedReqGrid,mappedReqGridObj,UN_SEAT_NO,strSeatNo
PPLCoreTS,mappedReqGrid,mappedReqGridObj,UN_REQ_DATE,dtTravelDate
PPLCoreTS,mappedReqGrid,mappedReqGridObj,UN_REQ_TIME,tmTravelTime
PPLCoreTS,VehicleDetails,VehicleDetailsObj,recStatus,recStatus
PPLCoreTS,VehicleDetails,VehicleDetailsObj,select,strSelect
PPLCoreTS,VehicleDetails,VehicleDetailsObj,PICKUP_LOC,strOrigin
PPLCoreTS,VehicleDetails,VehicleDetailsObj,DROP_LOC,strDestination
PPLCoreTS,VehicleDetails,VehicleDetailsObj,TRAVEL_DATE,dtTravelDate
PPLCoreTS,VehicleDetails,VehicleDetailsObj,TRAVEL_TIME,tmTravelTime
SERCoreServiceGroupTS,ServiceGroup,SerGrpGridFieldObj,recStatus,recStatus
SERCoreServiceGroupTS,ServiceGroup,SerGrpGridFieldObj,select,strSelect
SERCoreServiceGroupTS,ServiceGroup,SerGrpGridFieldObj,VEHICLE_CATEGORY,strVehicleCategory
SERCoreServiceGroupTS,ServiceGroup,SerGrpGridFieldObj,NO_OF_VEHICLES,iNoOfVeh
SERCoreServiceGroupTS,reqMapGrid,VehicleDtlObj,recStatus,recStatus
SERCoreServiceGroupTS,reqMapGrid,VehicleDtlObj,select,strSelect
SERCoreServiceGroupTS,reqMapGrid,VehicleDtlObj,VEHICLE_CATEGORY,strVehicleCategory
SERCoreServiceGroupTS,reqMapGrid,VehicleDtlObj,NO_OF_VEHICLES,iNoOfVeh
SERCoreServiceGroupTS,reqMapGrid,VehicleDtlObj,ORIGIN,strOrigin
SERCoreServiceGroupTS,reqMapGrid,VehicleDtlObj,DESTINATION,strDestination
SERCoreServiceGroupTS,reqMapGrid,VehicleDtlObj,REQUIRED_FROM_DATE,dtRequiredFromDate
SERCoreServiceGroupTS,reqMapGrid,VehicleDtlObj,REQUIRED_FROM_TIME,tmRequiredFromTime
SERCoreServiceGroupTS,reqMapGrid,VehicleDtlObj,REQUIRED_TO_DATE,dtRequiredToDate
SERCoreServiceGroupTS,reqMapGrid,VehicleDtlObj,REQUIRED_TO_TIME,tmRequiredToTime
SERCoreServiceGroupTS,invoiceMapGrid,ReferenceDocObj,recStatus,recStatus
SERCoreServiceGroupTS,invoiceMapGrid,ReferenceDocObj,select,strSelect
SERCoreServiceGroupTS,invoiceMapGrid,ReferenceDocObj,REFERENCE_DOCUMENT_TYPE,strRefDocType
SERCoreServiceGroupTS,invoiceMapGrid,ReferenceDocObj,REFERENCE_DOCUMENT_NO,strRefDocNo
SERCoreServiceGroupTS,invoiceMapGrid,ReferenceDocObj,REMARKS,strRemarks
SERCoreServiceGroupTS,vehicleGrid,VehicleDtlObj,recStatus,recStatus
SERCoreServiceGroupTS,vehicleGrid,VehicleDtlObj,select,strSelect
SERCoreServiceGroupTS,vehicleGrid,VehicleDtlObj,VEHICLE_CATEGORY,strVehicleCategory
SERCoreServiceGroupTS,vehicleGrid,VehicleDtlObj,NO_OF_VEHICLES,iNoOfVeh
SERCoreServiceGroupTS,vehicleGrid,VehicleDtlObj,ORIGIN,strOrigin
SERCoreServiceGroupTS,vehicleGrid,VehicleDtlObj,DESTINATION,strDestination
SERCoreServiceGroupTS,vehicleGrid,VehicleDtlObj,REQUIRED_FROM_DATE,dtRequiredFromDate
SERCoreServiceGroupTS,vehicleGrid,VehicleDtlObj,REQUIRED_FROM_TIME,tmRequiredFromTime
SERCoreServiceGroupTS,vehicleGrid,VehicleDtlObj,REQUIRED_TO_DATE,dtRequiredToDate
SERCoreServiceGroupTS,vehicleGrid,VehicleDtlObj,REQUIRED_TO_TIME,tmRequiredToTime
SERCoreServiceGroupTS,referenceGrid,ReferenceDocObj,recStatus,recStatus
SERCoreServiceGroupTS,referenceGrid,ReferenceDocObj,select,strSelect
SERCoreServiceGroupTS,referenceGrid,ReferenceDocObj,REFERENCE_DOCUMENT_TYPE,strRefDocType
SERCoreServiceGroupTS,referenceGrid,ReferenceDocObj,REFERENCE_DOCUMENT_NO,strRefDocNo
SERCoreServiceGroupTS,referenceGrid,ReferenceDocObj,REMARKS,strRemarks
SERCoreServiceGroupTS,assignedService,assignedServiceObj,recStatus,recStatus
SERCoreServiceGroupTS,assignedService,assignedServiceObj,select,strSelect
SERCoreServiceGroupTS,assignedService,assignedServiceObj,SERVICE_ID,strServiceId
SERCoreServiceGroupTS,assignedService,assignedServiceObj,SEQ_NO,iSeqNo
SERCoreServiceGroupTS,assignedService,assignedServiceObj,SERVICE_REQUEST_NO,strServiceReqNo
SERCoreServiceGroupTS,assignedService,assignedServiceObj,VEHICLE_CATEGORY,strVehCat
SERCoreServiceGroupTS,assignedService,assignedServiceObj,REQ_FROM_DATE,dtReqDt
SERCoreServiceGroupTS,assignedService,assignedServiceObj,ORIGIN,strOrigin
SERCoreServiceGroupTS,assignedService,assignedServiceObj,DESTINATION,strDestination
SERCoreServiceGroupTS,assignedService,assignedServiceObj,CUSTOMER_NAME,strCustName
SERCoreServiceGroupTS,tripSchedule,tripScheduleObj,recStatus,recStatus
SERCoreServiceGroupTS,tripSchedule,tripScheduleObj,select,strSelect
SERCoreServiceGroupTS,tripSchedule,tripScheduleObj,JP_NO,strJpNo
SERCoreServiceGroupTS,tripSchedule,tripScheduleObj,JP_TYPE,strJpType
SERCoreServiceGroupTS,tripSchedule,tripScheduleObj,REF_SERVICE_NO,strRefServiceId
SERCoreServiceGroupTS,tripSchedule,tripScheduleObj,ORIGIN,strOrigin
SERCoreServiceGroupTS,tripSchedule,tripScheduleObj,DEST,strDestination
SERCoreServiceGroupTS,tripSchedule,tripScheduleObj,DISTANCE,strDistance
SERCoreServiceGroupTS,tripSchedule,tripScheduleObj,START_TIME,tmStartTime
SERCoreServiceGroupTS,tripSchedule,tripScheduleObj,END_TIME,tmEndTime
VEHSCHCoreVehSchServiceTS,TripRoster,vehschgrid1Obj,recStatus,recStatus
VEHSCHCoreVehSchServiceTS,TripRoster,vehschgrid1Obj,select,strSelect
VEHSCHCoreVehSchServiceTS,TripRoster,vehschgrid1Obj,TRIP_NO,strTripNo
VEHSCHCoreVehSchServiceTS,TripRoster,vehschgrid1Obj,LOAD_NO,strLoadNo
VEHSCHCoreVehSchServiceTS,TripRoster,vehschgrid1Obj,REQUEST_NO,strRequestNo
VEHSCHCoreVehSchServiceTS,TripRoster,vehschgrid1Obj,ORIGIN,strOrigin
VEHSCHCoreVehSchServiceTS,TripRoster,vehschgrid1Obj,DESTINATION,strDestination
VEHSCHCoreVehSchServiceTS,TripRoster,vehschgrid1Obj,DEP_DATE,dtDepDate
VEHSCHCoreVehSchServiceTS,TripRoster,vehschgrid1Obj,VEH_CAT,strVehCat
VEHSCHCoreVehSchServiceTS,TripRoster,vehschgrid1Obj,PHONE_1,strOwnerPhNo
VEHSCHCoreVehSchServiceTS,TripRoster,vehschgrid1Obj,VEHICLE_CODE,strVehCode
VEHSCHCoreVehSchServiceTS,TripRoster,vehschgrid1Obj,VEH_REG_NO,strVehRegNo
VEHSCHCoreVehSchServiceTS,TripRoster,vehschgrid1Obj,DRIVER_CODE,strDriverCode
VEHSCHCoreVehSchServiceTS,TripRoster,vehschgrid1Obj,DRIVER_NAME,strDriverName
VEHSCHCoreVehSchServiceTS,TripRoster,vehschgrid1Obj,PHONE_NO,strDriverPhNo
VEHSCHCoreVehSchServiceTS,TripRoster,vehschgrid1Obj,LOC_CODE,strLocCode
VEHSCHCoreVehSchServiceTS,TripRoster,vehschgrid1Obj,INSPECTION_DATE,dtInspectionDate
VEHSCHCoreVehSchServiceTS,TripRoster,vehschgrid1Obj,STATUS,strStatus
VEHSCHCoreVehSchServiceTS,TripRoster,vehschgrid1Obj,INS_REQ,strInsReq
VEHSCHCoreVehSchServiceTS,TripRoster,vehschgrid1Obj,INSPECTION_TIME,tmInspTime
VEHSCHCoreVehSchServiceTS,TripRoster,vehschgrid1Obj,OWNER_CODE_3PL,strOwnerCode
VEHSCHCoreVehSchServiceTS,LoadRoster,vehschgrid2Obj,recStatus,recStatus
VEHSCHCoreVehSchServiceTS,LoadRoster,vehschgrid2Obj,select,strSelect
VEHSCHCoreVehSchServiceTS,LoadRoster,vehschgrid2Obj,TRIP_NO,strTripNo
VEHSCHCoreVehSchServiceTS,LoadRoster,vehschgrid2Obj,LOAD_NO,strLoadNo
VEHSCHCoreVehSchServiceTS,LoadRoster,vehschgrid2Obj,REQUEST_NO,strRequestNo
VEHSCHCoreVehSchServiceTS,LoadRoster,vehschgrid2Obj,ORIGIN,strOrigin
VEHSCHCoreVehSchServiceTS,LoadRoster,vehschgrid2Obj,DESTINATION,strDestination
VEHSCHCoreVehSchServiceTS,LoadRoster,vehschgrid2Obj,DEP_DATE,dtDepDate
VEHSCHCoreVehSchServiceTS,LoadRoster,vehschgrid2Obj,VEH_CAT,strVehCat
VEHSCHCoreVehSchServiceTS,LoadRoster,vehschgrid2Obj,PHONE_1,strOwnerPhNo
VEHSCHCoreVehSchServiceTS,LoadRoster,vehschgrid2Obj,VEHICLE_CODE,strVehCode
VEHSCHCoreVehSchServiceTS,LoadRoster,vehschgrid2Obj,VEH_REG_NO,strVehRegNo
VEHSCHCoreVehSchServiceTS,LoadRoster,vehschgrid2Obj,DRIVER_CODE,strDriverCode
VEHSCHCoreVehSchServiceTS,LoadRoster,vehschgrid2Obj,DRIVER_NAME,strDriverName
VEHSCHCoreVehSchServiceTS,LoadRoster,vehschgrid2Obj,PHONE_NO,strDriverPhNo
VEHSCHCoreVehSchServiceTS,LoadRoster,vehschgrid2Obj,LOC_CODE,strLocCode
VEHSCHCoreVehSchServiceTS,LoadRoster,vehschgrid2Obj,INSPECTION_DATE,dtInspectionDate
VEHSCHCoreVehSchServiceTS,LoadRoster,vehschgrid2Obj,STATUS,strStatus
VEHSCHCoreVehSchServiceTS,LoadRoster,vehschgrid2Obj,INS_REQ,strInspReqsch
VEHSCHCoreVehSchServiceTS,LoadRoster,vehschgrid2Obj,INSPECTION_TIME,tmInspTime
VEHSCHCoreVehSchServiceTS,LoadRoster,vehschgrid2Obj,OWNER_CODE_3PL,strOwnerCode
VEHSCHCoreVehSchServiceTS,ServiceRoster,vehschServiceObj,recStatus,recStatus
VEHSCHCoreVehSchServiceTS,ServiceRoster,vehschServiceObj,select,strSelect
VEHSCHCoreVehSchServiceTS,ServiceRoster,vehschServiceObj,TRIP_NO,strTripNo
VEHSCHCoreVehSchServiceTS,ServiceRoster,vehschServiceObj,SERVICE_ID,strServiceId
VEHSCHCoreVehSchServiceTS,ServiceRoster,vehschServiceObj,SER_REQUEST_NO,strServiceReqNo
VEHSCHCoreVehSchServiceTS,ServiceRoster,vehschServiceObj,ORIGIN,strOrigin
VEHSCHCoreVehSchServiceTS,ServiceRoster,vehschServiceObj,DESTINATION,strDestination
VEHSCHCoreVehSchServiceTS,ServiceRoster,vehschServiceObj,REQ_DATE,dtReqDate
VEHSCHCoreVehSchServiceTS,ServiceRoster,vehschServiceObj,VEH_CAT,strVehCat
VEHSCHCoreVehSchServiceTS,ServiceRoster,vehschServiceObj,PHONE_1,strOwnerPhNo
VEHSCHCoreVehSchServiceTS,ServiceRoster,vehschServiceObj,VEHICLE_CODE,strVehCode
VEHSCHCoreVehSchServiceTS,ServiceRoster,vehschServiceObj,VEH_REG_NO,strVehRegNo
VEHSCHCoreVehSchServiceTS,ServiceRoster,vehschServiceObj,DRIVER_CODE,strDriverCode
VEHSCHCoreVehSchServiceTS,ServiceRoster,vehschServiceObj,DRIVER_NAME,strDriverName
VEHSCHCoreVehSchServiceTS,ServiceRoster,vehschServiceObj,PHONE_NO,strDriverPhNo
VEHSCHCoreVehSchServiceTS,ServiceRoster,vehschServiceObj,LOC_CODE,strLocCode
VEHSCHCoreVehSchServiceTS,ServiceRoster,vehschServiceObj,INSPECTION_DATE,dtInspectionDate
VEHSCHCoreVehSchServiceTS,ServiceRoster,vehschServiceObj,STATUS,strStatus
VEHSCHCoreVehSchServiceTS,ServiceRoster,vehschServiceObj,INS_REQ,strServInspReq
VEHSCHCoreVehSchServiceTS,ServiceRoster,vehschServiceObj,INSPECTION_TIME,tmInspTime
VEHSCHCoreVehSchServiceTS,ServiceRoster,vehschServiceObj,OWNER_CODE_3PL,strOwnerCode
VEHSCHCoreVehSchServiceTS,ServiceTripRoster,vehschServiceToTripObj,recStatus,recStatus
VEHSCHCoreVehSchServiceTS,ServiceTripRoster,vehschServiceToTripObj,select,strSelect
VEHSCHCoreVehSchServiceTS,ServiceTripRoster,vehschServiceToTripObj,TRIP_NO,strTripNo
VEHSCHCoreVehSchServiceTS,ServiceTripRoster,vehschServiceToTripObj,SERVICE_ID,strServiceId
VEHSCHCoreVehSchServiceTS,ServiceTripRoster,vehschServiceToTripObj,SER_REQUEST_NO,strServiceReqNo
VEHSCHCoreVehSchServiceTS,ServiceTripRoster,vehschServiceToTripObj,ORIGIN,strOrigin
VEHSCHCoreVehSchServiceTS,ServiceTripRoster,vehschServiceToTripObj,DESTINATION,strDestination
VEHSCHCoreVehSchServiceTS,ServiceTripRoster,vehschServiceToTripObj,REQ_DATE,dtReqDate
VEHSCHCoreVehSchServiceTS,ServiceTripRoster,vehschServiceToTripObj,VEH_CAT,strVehCat
VEHSCHCoreVehSchServiceTS,ServiceTripRoster,vehschServiceToTripObj,PHONE_1,strOwnerPhNo
VEHSCHCoreVehSchServiceTS,ServiceTripRoster,vehschServiceToTripObj,VEHICLE_CODE,strVehCode
VEHSCHCoreVehSchServiceTS,ServiceTripRoster,vehschServiceToTripObj,VEH_REG_NO,strVehRegNo
VEHSCHCoreVehSchServiceTS,ServiceTripRoster,vehschServiceToTripObj,DRIVER_CODE,strDriverCode
VEHSCHCoreVehSchServiceTS,ServiceTripRoster,vehschServiceToTripObj,DRIVER_NAME,strDriverName
VEHSCHCoreVehSchServiceTS,ServiceTripRoster,vehschServiceToTripObj,PHONE_NO,strDriverPhNo
VEHSCHCoreVehSchServiceTS,ServiceTripRoster,vehschServiceToTripObj,LOC_CODE,strLocCode
VEHSCHCoreVehSchServiceTS,ServiceTripRoster,vehschServiceToTripObj,INSPECTION_DATE,dtInspectionDate
VEHSCHCoreVehSchServiceTS,ServiceTripRoster,vehschServiceToTripObj,STATUS,strStatus
VEHSCHCoreVehSchServiceTS,ServiceTripRoster,vehschServiceToTripObj,INS_REQ,strServInsReq
VEHSCHCoreVehSchServiceTS,ServiceTripRoster,vehschServiceToTripObj,INSPECTION_TIME,tmInspTime
VEHSCHCoreVehSchServiceTS,ServiceTripRoster,vehschServiceToTripObj,OWNER_CODE_3PL,strOwnerCode
VEHSCHCoreVehSchServiceTS,DynMTLFetch,queryObj,COLUMN_NAME,columnName
VEHSCHCoreVehSchServiceTS,DynMTLFetch,queryObj,OPERATOR,strOperator
VEHSCHCoreVehSchServiceTS,DynMTLFetch,queryObj,CONTROL_ID,strControlid
VEHSCHCoreVehSchServiceTS,DynMTLFetch,queryObj,DEFAULT_VALUE,strDefault
VEHSCHCoreVehSchServiceTS,LocalLoadRoster,LocalLoadRosterObj,recStatus,recStatus
VEHSCHCoreVehSchServiceTS,LocalLoadRoster,LocalLoadRosterObj,select,strSelect
VEHSCHCoreVehSchServiceTS,LocalLoadRoster,LocalLoadRosterObj,TRIP_NO,strTripNo
VEHSCHCoreVehSchServiceTS,LocalLoadRoster,LocalLoadRosterObj,LOAD_NO,strLoadNo
VEHSCHCoreVehSchServiceTS,LocalLoadRoster,LocalLoadRosterObj,REQUEST_NO,strRequestNo
VEHSCHCoreVehSchServiceTS,LocalLoadRoster,LocalLoadRosterObj,ORIGIN,strOrigin
VEHSCHCoreVehSchServiceTS,LocalLoadRoster,LocalLoadRosterObj,DESTINATION,strDestination
VEHSCHCoreVehSchServiceTS,LocalLoadRoster,LocalLoadRosterObj,DEP_DATE,dtDepDate
VEHSCHCoreVehSchServiceTS,LocalLoadRoster,LocalLoadRosterObj,VEH_CAT,strVehCat
VEHSCHCoreVehSchServiceTS,LocalLoadRoster,LocalLoadRosterObj,PHONE_1,strOwnerPhNo
VEHSCHCoreVehSchServiceTS,LocalLoadRoster,LocalLoadRosterObj,VEHICLE_CODE,strVehCode
VEHSCHCoreVehSchServiceTS,LocalLoadRoster,LocalLoadRosterObj,VEH_REG_NO,strVehRegNo
VEHSCHCoreVehSchServiceTS,LocalLoadRoster,LocalLoadRosterObj,DRIVER_CODE,strDriverCode
VEHSCHCoreVehSchServiceTS,LocalLoadRoster,LocalLoadRosterObj,DRIVER_NAME,strDriverName
VEHSCHCoreVehSchServiceTS,LocalLoadRoster,LocalLoadRosterObj,PHONE_NO,strDriverPhNo
VEHSCHCoreVehSchServiceTS,LocalLoadRoster,LocalLoadRosterObj,LOC_CODE,strLocCode
VEHSCHCoreVehSchServiceTS,LocalLoadRoster,LocalLoadRosterObj,INSPECTION_DATE,dtInspectionDate
VEHSCHCoreVehSchServiceTS,LocalLoadRoster,LocalLoadRosterObj,STATUS,strStatus
VEHSCHCoreVehSchServiceTS,LocalLoadRoster,LocalLoadRosterObj,INS_REQ,strInspReq
VEHSCHCoreVehSchServiceTS,LocalLoadRoster,LocalLoadRosterObj,INSPECTION_TIME,tmInspTime
VEHSCHCoreVehSchServiceTS,LocalLoadRoster,LocalLoadRosterObj,OWNER_CODE_3PL,strOwnerCode
VEHSCHCoreVehSchServiceTS,LocalLoadRoster,LocalLoadRosterObj,JP_REQ,strJpReq
VEHSCHCoreVehSchServiceTS,LocalLoadRoster,LocalLoadRosterObj,SPECIAL_TRAILER,strSpecialTrailer
TRPLISTCoreTripListTS,AssignLoads,assignedLoadsObj,recStatus,recStatus
TRPLISTCoreTripListTS,AssignLoads,assignedLoadsObj,select,strSelect
TRPLISTCoreTripListTS,AssignLoads,assignedLoadsObj,LOAD_NO,strLoadNo
TRPLISTCoreTripListTS,AssignLoads,assignedLoadsObj,SEQ_NO,iSeqNo
TRPLISTCoreTripListTS,AssignLoads,assignedLoadsObj,DEP_DATE,dtLoadDate
TRPLISTCoreTripListTS,AssignLoads,assignedLoadsObj,WEIGHT,iWeight
TRPLISTCoreTripListTS,AssignLoads,assignedLoadsObj,VOLUME,iVolume
TRPLISTCoreTripListTS,AssignLoads,assignedLoadsObj,COMMODITY,strCommodity
TRPLISTCoreTripListTS,TripSchedule,tripScheduleObj,recStatus,recStatus
TRPLISTCoreTripListTS,TripSchedule,tripScheduleObj,select,strSelect
TRPLISTCoreTripListTS,TripSchedule,tripScheduleObj,JP_NO,strJplanNo
TRPLISTCoreTripListTS,TripSchedule,tripScheduleObj,JP_TYPE,strJpType
TRPLISTCoreTripListTS,TripSchedule,tripScheduleObj,REF_LOAD_NO,strRefLoadNo
TRPLISTCoreTripListTS,TripSchedule,tripScheduleObj,ORIGIN,strOrigin
TRPLISTCoreTripListTS,TripSchedule,tripScheduleObj,DEST,strDestination
TRPLISTCoreTripListTS,TripSchedule,tripScheduleObj,DISTANCE,strDist
TRPLISTCoreTripListTS,TripSchedule,tripScheduleObj,START_TIME,strSrtTime
TRPLISTCoreTripListTS,TripSchedule,tripScheduleObj,END_TIME,strEndTime
TRPLISTCoreTripListTS,DynMTLFetch,queryObj,COLUMN_NAME,columnName
TRPLISTCoreTripListTS,DynMTLFetch,queryObj,OPERATOR,strOperator
TRPLISTCoreTripListTS,DynMTLFetch,queryObj,CONTROL_ID,strControlid
TRPLISTCoreTripListTS,DynMTLFetch,queryObj,DEFAULT_VALUE,strDefault
